date,category,quantity_kg,price_euros,reason
2025-10-01 05:05:12.571035,poisson,5.379977073382504,36.09984601507143,dommage
2025-09-30 05:05:12.571049,produits_laitiers,1.6654309278867954,4.532132463934995,date_expiration
2025-09-29 05:05:12.571056,viande,2.3857414810519164,4.491579660497671,date_expiration
2025-09-28 05:05:12.571059,produits_laitiers,5.1149387156912525,1.593315286509485,date_expiration
2025-09-27 05:05:12.571061,produits_laitiers,2.4567949067850363,47.86856851667453,date_expiration
2025-09-26 05:05:12.571065,legumes,0.3310210182482434,37.13790961349134,date_expiration
2025-09-25 05:05:12.571069,viande,1.7174042997051204,18.309319016601144,saison
2025-09-24 05:05:12.571073,viande,1.86644171406803,15.530243483095106,saison
2025-09-23 05:05:12.571077,viande,1.1037490078456422,18.135458257546627,dommage
2025-09-22 05:05:12.571081,produits_laitiers,2.666980607766784,38.958023027877914,surstock
2025-09-21 05:05:12.571086,poisson,5.447353771524949,33.407159942450306,dommage
2025-09-20 05:05:12.571090,viande,5.195752426108235,10.074582825505928,surstock
2025-09-19 05:05:12.571094,produits_laitiers,1.1987285926072353,9.531357431370132,date_expiration
2025-09-18 05:05:12.571098,legumes,0.24035740910356837,5.821386835956469,surstock
2025-09-17 05:05:12.571102,poisson,8.378347978241413,33.35483326536557,dommage
2025-09-16 05:05:12.571106,legumes,3.6514362216368856,38.454260448865064,dommage
2025-09-15 05:05:12.571110,poisson,0.2662919194341268,13.987274987925197,surstock
2025-09-14 05:05:12.571114,produits_laitiers,5.072615881926552,2.0263030905147277,saison
2025-09-13 05:05:12.571118,fruits,4.078847862453727,5.02641170634494,date_expiration
2025-09-12 05:05:12.571122,poisson,1.4631027719372984,48.425141707406496,date_expiration
2025-09-11 05:05:12.571126,legumes,1.7894275736581498,15.476794096393593,dommage
2025-09-10 05:05:12.571130,produits_laitiers,1.0183296868180272,38.69193424406855,saison
2025-09-09 05:05:12.571134,poisson,0.11263629848658757,31.608514873858926,surstock
2025-09-08 05:05:12.571139,fruits,0.8165297726014823,19.7150423429919,date_expiration
2025-09-07 05:05:12.571143,fruits,3.2476158221323574,11.0786758475822,saison
2025-09-06 05:05:12.571147,viande,0.00928556813268577,6.947934489810915,date_expiration
2025-09-05 05:05:12.571152,viande,0.8114277931803374,31.135635433904465,saison
2025-09-04 05:05:12.571156,legumes,1.0155561897093563,38.95705525125161,saison
2025-09-03 05:05:12.571159,poisson,1.5417660482477635,32.55130842351541,dommage
2025-09-02 05:05:12.571161,poisson,5.047850952306083,26.98480452920876,date_expiration
2025-09-01 05:05:12.571163,viande,0.8503542217815802,3.055609948150177,surstock
2025-08-31 05:05:12.571166,poisson,0.8522129719169905,48.4559501021248,dommage
2025-08-30 05:05:12.571168,poisson,2.675017903331131,40.13699539107415,dommage
2025-08-29 05:05:12.571170,fruits,1.2037555469846788,15.348279798347273,surstock
2025-08-28 05:05:12.571172,viande,0.5087649474054508,49.01854613858368,dommage
2025-08-27 05:05:12.571175,produits_laitiers,1.2045647011523102,30.49219789217978,saison
2025-08-26 05:05:12.571177,viande,0.3036398438627741,29.538710252155077,saison
2025-08-25 05:05:12.571180,produits_laitiers,0.3881090064161935,37.65558579204707,date_expiration
2025-08-24 05:05:12.571182,fruits,1.3797760856056354,40.77671961641674,date_expiration
2025-08-23 05:05:12.571184,legumes,1.085752432512014,33.16745175924363,surstock
2025-08-22 05:05:12.571187,poisson,4.926585470505626,7.276691571943801,date_expiration
2025-08-21 05:05:12.571189,fruits,0.9000691660794565,17.57510779373042,saison
2025-08-20 05:05:12.571191,poisson,1.737804767570544,46.476098375976434,surstock
2025-08-19 05:05:12.571194,legumes,2.000781545035696,12.006164980348744,surstock
2025-08-18 05:05:12.571196,legumes,0.026361889651318453,19.236184168038154,date_expiration
2025-08-17 05:05:12.571198,fruits,2.178536394071978,22.171767264265604,saison
2025-08-16 05:05:12.571200,legumes,0.3921172803984964,22.530844495028155,surstock
2025-08-15 05:05:12.571202,produits_laitiers,6.491996544544853,31.03403954223175,saison
2025-08-14 05:05:12.571204,legumes,0.32189380862036016,47.21071604949067,saison
2025-08-13 05:05:12.571206,poisson,1.0710022290732137,12.793942879792743,saison
2025-08-12 05:05:12.571208,poisson,0.17842687530100626,6.953567438744985,date_expiration
2025-08-11 05:05:12.571212,poisson,11.536163230301518,10.676054003136928,dommage
2025-08-10 05:05:12.571216,poisson,1.3950937313164522,44.459320110254204,dommage
2025-08-09 05:05:12.571220,produits_laitiers,1.8096386481778914,32.6447298201051,surstock
2025-08-08 05:05:12.571224,viande,0.13886410165650834,15.009432672718846,saison
2025-08-07 05:05:12.571227,fruits,2.772272510431998,40.98140000946225,date_expiration
2025-08-06 05:05:12.571229,poisson,0.4712056765005264,43.207129821808365,saison
2025-08-05 05:05:12.571231,legumes,4.566629713623261,42.47920259582362,saison
2025-08-04 05:05:12.571234,poisson,0.4591776563216667,46.02740014833817,date_expiration
2025-08-03 05:05:12.571238,legumes,0.4231408596176317,13.359809988494717,dommage
2025-08-02 05:05:12.571243,legumes,0.07446868371534433,37.997054508567636,saison
2025-08-01 05:05:12.571245,poisson,1.2775715865909278,23.56643536643286,saison
2025-07-31 05:05:12.571247,produits_laitiers,1.664088207352361,42.257929091613015,dommage
2025-07-30 05:05:12.571250,legumes,0.13593388035831294,36.69604318091905,date_expiration
2025-07-29 05:05:12.571254,legumes,2.9880051871967446,39.04592487848651,surstock
2025-07-28 05:05:12.571268,poisson,1.2076693005872434,33.151930046372506,dommage
2025-07-27 05:05:12.571273,legumes,1.4863153091851937,9.694009704015636,surstock
2025-07-26 05:05:12.571277,legumes,1.1623629435751606,27.706319025949977,surstock
2025-07-25 05:05:12.571279,poisson,1.0241964025498427,49.2488172367009,dommage
2025-07-24 05:05:12.571282,poisson,1.6403269142757495,46.932015258358824,saison
2025-07-23 05:05:12.571285,fruits,0.33740601352191096,3.115513054053572,surstock
2025-07-22 05:05:12.571289,produits_laitiers,0.401610172417251,9.07592597074242,surstock
2025-07-21 05:05:12.571293,produits_laitiers,3.9578986565922807,7.454709899273533,date_expiration
2025-07-20 05:05:12.571296,legumes,5.841823418529371,36.57301558927948,saison
2025-07-19 05:05:12.571298,produits_laitiers,0.9346043749502772,41.07148116299031,surstock
2025-07-18 05:05:12.571300,legumes,0.631462731385332,11.462056949222923,date_expiration
2025-07-17 05:05:12.571304,fruits,2.065646530188914,25.786781954639622,saison
2025-07-16 05:05:12.571311,poisson,1.0509791352144926,42.1944483725488,dommage
2025-07-15 05:05:12.571314,poisson,0.05142829746529406,36.90727569354628,dommage
2025-07-14 05:05:12.571316,poisson,0.33956720659902123,27.569623069100565,date_expiration
2025-07-13 05:05:12.571319,produits_laitiers,2.517366519706091,29.92703683247987,dommage
2025-07-12 05:05:12.571321,fruits,2.1512995646350714,25.909666798897717,surstock
2025-07-11 05:05:12.571325,produits_laitiers,0.054939715768880196,15.579874114622209,saison
2025-07-10 05:05:12.571329,produits_laitiers,0.50198594773341,28.68607765009179,surstock
2025-07-09 05:05:12.571332,fruits,0.525523157901862,34.75537980045444,surstock
2025-07-08 05:05:12.571335,fruits,2.2288294456557036,43.792822877179574,dommage
2025-07-07 05:05:12.571337,fruits,0.03981476258427881,32.17827634498316,surstock
2025-07-06 05:05:12.571340,fruits,0.21987211720274563,38.29495531511474,dommage
2025-07-05 05:05:12.571342,poisson,3.218036854592483,8.843510112774077,saison
2025-07-04 05:05:12.571345,viande,0.3933554189035707,23.616316246569706,saison
2025-07-03 05:05:12.571347,viande,2.1153981778411537,1.4572493715275714,surstock
2025-07-02 05:05:12.571348,fruits,0.5440972444179905,13.087264361559528,date_expiration
2025-07-01 05:05:12.571350,viande,0.20948006696974264,36.596624040537236,dommage
2025-06-30 05:05:12.571354,viande,0.5572390328228946,49.59868761611881,dommage
2025-06-29 05:05:12.571356,fruits,2.5621896261940638,5.8597268797735795,surstock
2025-06-28 05:05:12.571358,viande,3.871672674907859,20.673221477203125,dommage
2025-06-27 05:05:12.571361,produits_laitiers,3.5465019999511287,40.20347746625882,dommage
2025-06-26 05:05:12.571363,legumes,1.0122849789501769,10.997746096816043,date_expiration
2025-06-25 05:05:12.571366,legumes,2.20575355680919,28.199162515812027,date_expiration
2025-06-24 05:05:12.571368,fruits,0.45878682065796156,36.92049350545407,surstock
2025-06-23 05:05:12.571371,poisson,0.6938671772250337,31.18328706274877,date_expiration
2025-06-22 05:05:12.571374,fruits,4.533197257261809,10.21321199615539,surstock
2025-06-21 05:05:12.571376,poisson,0.026174376792570005,18.413843865601233,saison
2025-06-20 05:05:12.571378,legumes,0.17877427926089826,39.405797439784465,surstock
2025-06-19 05:05:12.571380,fruits,0.4661005604796304,28.157099192468813,saison
2025-06-18 05:05:12.571383,produits_laitiers,0.05378107044863377,1.2562510636027242,surstock
2025-06-17 05:05:12.571386,viande,0.40040600658054554,38.2885472413766,dommage
2025-06-16 05:05:12.571390,poisson,1.7495374574887332,2.7302563920717144,date_expiration
2025-06-15 05:05:12.571394,viande,1.0943726367356008,37.54095535383038,saison
2025-06-14 05:05:12.571399,viande,4.463726041643655,10.921547448096634,surstock
2025-06-13 05:05:12.571402,fruits,3.4013918060389567,47.94560052584963,date_expiration
2025-06-12 05:05:12.571405,viande,0.8365456103380641,19.02909681380214,surstock
2025-06-11 05:05:12.571407,produits_laitiers,0.6006525042945571,17.019649200565876,date_expiration
2025-06-10 05:05:12.571409,viande,0.9550796162170755,8.295514466289788,date_expiration
2025-06-09 05:05:12.571411,fruits,1.7846355002866106,15.974606559020529,surstock
2025-06-08 05:05:12.571415,produits_laitiers,0.6241234196305457,43.95588732958183,saison
2025-06-07 05:05:12.571418,legumes,1.9571244910941752,49.82038254373512,saison
2025-06-06 05:05:12.571422,viande,1.0532720785596223,19.047166994835568,dommage
2025-06-05 05:05:12.571425,fruits,1.606134733029689,22.981920916772587,date_expiration
2025-06-04 05:05:12.571430,legumes,1.1458507901822241,36.381475971934115,dommage
2025-06-03 05:05:12.571434,legumes,0.6975999505246663,44.42359324278865,dommage
2025-06-02 05:05:12.571438,poisson,5.930534442304407,30.059172375152425,surstock
2025-06-01 05:05:12.571442,produits_laitiers,2.8845090074652724,20.184759210713636,surstock
2025-05-31 05:05:12.571446,viande,0.3019089962460417,21.218470201582562,surstock
2025-05-30 05:05:12.571450,fruits,4.057009855438648,35.08528917834354,date_expiration
2025-05-29 05:05:12.571454,poisson,1.336640659323833,1.1576949166096555,surstock
2025-05-28 05:05:12.571457,produits_laitiers,4.499078980579487,31.359877535532192,surstock
2025-05-27 05:05:12.571460,poisson,3.2174289078598006,18.419157511626512,date_expiration
2025-05-26 05:05:12.571463,produits_laitiers,1.1075132385172146,39.91566923257713,date_expiration
2025-05-25 05:05:12.571469,produits_laitiers,0.04545117895508023,5.556541351333475,saison
2025-05-24 05:05:12.571474,viande,0.6258010955529734,29.821911080471136,surstock
2025-05-23 05:05:12.571478,produits_laitiers,1.5601755113595925,24.567671604420063,surstock
2025-05-22 05:05:12.571482,poisson,2.0073946638690727,32.473950769356144,surstock
2025-05-21 05:05:12.571485,produits_laitiers,0.5965093598578778,4.1778261296654495,saison
2025-05-20 05:05:12.571489,viande,0.3001488376614311,29.41920558397843,surstock
2025-05-19 05:05:12.571493,viande,3.602774174324783,28.512744810016663,saison
2025-05-18 05:05:12.571495,poisson,8.321248326374468,28.472344626392374,dommage
2025-05-17 05:05:12.571497,legumes,1.4917890939441738,30.570895663226285,saison
2025-05-16 05:05:12.571499,legumes,0.37670972732014785,34.146928924091746,dommage
2025-05-15 05:05:12.571501,produits_laitiers,0.6357529434578657,40.44446098435772,surstock
2025-05-14 05:05:12.571504,fruits,0.037123774821532014,14.221215286282503,dommage
2025-05-13 05:05:12.571508,produits_laitiers,4.913777055387114,41.42742109882304,saison
2025-05-12 05:05:12.571515,poisson,0.250562087692406,25.41452843090923,date_expiration
2025-05-11 05:05:12.571520,poisson,1.7184813377363117,4.775855677582227,dommage
2025-05-10 05:05:12.571523,poisson,0.6405626572055858,3.8689955329549806,dommage
2025-05-09 05:05:12.571526,poisson,1.6156710308139706,17.37767761610698,surstock
2025-05-08 05:05:12.571528,poisson,2.107777267972054,39.45995187846191,saison
2025-05-07 05:05:12.571529,viande,3.5408783848447203,35.67636580230487,dommage
2025-05-06 05:05:12.571531,legumes,0.4624050550090717,39.642133268947916,dommage
2025-05-05 05:05:12.571534,poisson,0.02211345926339439,26.34618376563886,dommage
2025-05-04 05:05:12.571540,fruits,0.29441614137478106,22.569750899819038,dommage
2025-05-03 05:05:12.571542,fruits,4.605543057706363,8.225173808607913,date_expiration
2025-05-02 05:05:12.571543,fruits,4.141202704106245,17.081444926856268,saison
2025-05-01 05:05:12.571544,fruits,1.819688620392985,22.26694894251989,surstock
2025-04-30 05:05:12.571546,viande,1.8351674370106938,5.341421054301245,surstock
2025-04-29 05:05:12.571547,fruits,2.187468458815025,11.809985682849351,date_expiration
2025-04-28 05:05:12.571548,poisson,0.3856440572771043,30.313039409123203,saison
2025-04-27 05:05:12.571550,produits_laitiers,4.916419121542603,37.0474925977203,dommage
2025-04-26 05:05:12.571551,fruits,1.085219268692636,49.91902805825453,date_expiration
2025-04-25 05:05:12.571553,viande,0.9662215986557369,46.722553235834326,saison
2025-04-24 05:05:12.571554,viande,1.463433865245362,32.48569477722438,dommage
2025-04-23 05:05:12.571555,fruits,0.09620932858395444,21.64115461140953,date_expiration
2025-04-22 05:05:12.571557,produits_laitiers,0.36372341009854464,32.172690870703406,saison
2025-04-21 05:05:12.571558,fruits,2.6790781808479265,39.496929285931365,surstock
2025-04-20 05:05:12.571559,viande,0.1728565513436872,6.798473355245979,surstock
2025-04-19 05:05:12.571561,legumes,1.8484044379702311,21.085339595118125,saison
2025-04-18 05:05:12.571562,poisson,0.5630000672008816,42.15031199614524,surstock
2025-04-17 05:05:12.571563,viande,0.9862845138503767,19.807814644719155,saison
2025-04-16 05:05:12.571565,fruits,0.681304383908292,29.02174129013214,dommage
2025-04-15 05:05:12.571566,poisson,0.879096955445707,29.800698682247713,saison
2025-04-14 05:05:12.571567,fruits,2.5391279732773735,10.039336403548328,dommage
2025-04-13 05:05:12.571568,fruits,0.7051430792111018,18.74953664096213,date_expiration
2025-04-12 05:05:12.571570,legumes,1.6712870614114044,17.391053148354676,saison
2025-04-11 05:05:12.571572,poisson,1.2927195733805235,2.283638718071175,date_expiration
2025-04-10 05:05:12.571574,poisson,2.179331846185357,2.185396430676407,surstock
2025-04-09 05:05:12.571577,legumes,5.523843295025938,41.7531551401129,dommage
2025-04-08 05:05:12.571579,viande,2.6378105425100857,14.380469688667809,saison
2025-04-07 05:05:12.571582,fruits,0.4839912264880946,26.385859545701955,date_expiration
2025-04-06 05:05:12.571585,produits_laitiers,0.06335935764851569,15.637553105849879,dommage
2025-04-05 05:05:12.571588,fruits,0.6083386040111758,47.09328301065168,dommage
2025-04-04 05:05:12.571590,fruits,1.8081213037461945,13.705541184422913,surstock
2025-04-03 05:05:12.571593,viande,0.10559055619954937,22.053183824207817,surstock
2025-04-02 05:05:12.571595,fruits,1.3718119120523777,43.76378227374549,dommage
2025-04-01 05:05:12.571598,legumes,1.8168576799751204,42.254744772798624,dommage
2025-03-31 05:05:12.571601,legumes,0.8136637558762008,10.118969474467589,saison
2025-03-30 05:05:12.571604,poisson,2.9472999182934694,40.32952217998981,dommage
2025-03-29 05:05:12.571610,produits_laitiers,0.22543782952935598,23.45115745015674,saison
2025-03-28 05:05:12.571615,fruits,0.15622101158449403,24.665474732182407,dommage
2025-03-27 05:05:12.571619,fruits,2.6052948204327855,7.540518648381245,surstock
2025-03-26 05:05:12.571623,viande,1.3683404533261372,4.949474174099108,saison
2025-03-25 05:05:12.571626,legumes,2.332085311466282,36.669026041714496,date_expiration
2025-03-24 05:05:12.571630,produits_laitiers,1.1412479982577146,25.326596465409686,surstock
2025-03-23 05:05:12.571638,poisson,0.5657925075170632,22.405684428143797,saison
2025-03-22 05:05:12.571641,legumes,3.4196473971423917,36.74590320396744,saison
2025-03-21 05:05:12.571644,poisson,3.21304312792038,38.51013205056438,date_expiration
2025-03-20 05:05:12.571647,viande,2.372897639418243,8.786500215798323,saison
2025-03-19 05:05:12.571649,viande,0.6353072299760641,30.901032324404422,dommage
2025-03-18 05:05:12.571652,fruits,1.7843217594469285,7.632350031606591,date_expiration
2025-03-17 05:05:12.571655,produits_laitiers,0.8956199511596441,37.81737921542324,surstock
2025-03-16 05:05:12.571658,poisson,0.19210146921330645,33.19080265708983,surstock
2025-03-15 05:05:12.571661,legumes,4.985399687075283,47.87411643308944,dommage
2025-03-14 05:05:12.571665,viande,0.29426089763904006,4.378942801464638,surstock
2025-03-13 05:05:12.571669,fruits,6.000981306245525,3.7956813364114614,saison
2025-03-12 05:05:12.571671,fruits,1.1812020255817444,14.827166659966807,saison
2025-03-11 05:05:12.571674,poisson,0.40946056382693163,13.823578503059393,dommage
2025-03-10 05:05:12.571677,viande,1.561339692303473,13.101961154527991,surstock
2025-03-09 05:05:12.571680,produits_laitiers,4.126283588564117,45.4064744455308,surstock
2025-03-08 05:05:12.571683,viande,2.6352155582609473,13.2277637926258,dommage
2025-03-07 05:05:12.571684,poisson,3.2855876521475147,14.325536580302918,date_expiration
2025-03-06 05:05:12.571686,poisson,2.1504754303408053,38.210514858480224,surstock
2025-03-05 05:05:12.571687,viande,2.3571076722830644,23.03725228007646,date_expiration
2025-03-04 05:05:12.571689,poisson,3.783543976100559,39.05881729080388,surstock
2025-03-03 05:05:12.571690,viande,0.5744790310802402,4.202941720654877,surstock
2025-03-02 05:05:12.571691,legumes,1.3444353323424827,24.89098848999583,surstock
2025-03-01 05:05:12.571693,viande,0.5000262582122447,2.647066408980849,surstock
2025-02-28 05:05:12.571694,viande,8.791116834810659,4.070006969312372,saison
2025-02-27 05:05:12.571695,poisson,5.766927574640829,45.41543521387614,date_expiration
2025-02-26 05:05:12.571697,poisson,0.08045020241075818,7.823023184762163,date_expiration
2025-02-25 05:05:12.571698,fruits,2.445463126391458,27.088613431485637,surstock
2025-02-24 05:05:12.571699,fruits,5.187167114950511,21.14368452743462,surstock
2025-02-23 05:05:12.571701,legumes,0.3983056507757,18.01982298668329,date_expiration
2025-02-22 05:05:12.571702,fruits,1.6784058352918045,45.09183393867635,saison
2025-02-21 05:05:12.571703,viande,4.94173052825106,2.0693464419989853,dommage
2025-02-20 05:05:12.571705,poisson,0.06907104708842363,33.525694622603865,dommage
2025-02-19 05:05:12.571706,fruits,2.3908209137857708,48.20632727646397,date_expiration
2025-02-18 05:05:12.571707,fruits,0.7057899294904256,28.448240989630253,surstock
2025-02-17 05:05:12.571709,legumes,5.164497342711352,46.904300639621496,surstock
2025-02-16 05:05:12.571710,legumes,7.084939845244507,3.5606360850151644,saison
2025-02-15 05:05:12.571712,viande,5.774347362481949,21.520872634633907,dommage
2025-02-14 05:05:12.571713,poisson,1.2857228103969165,13.747731757140507,saison
2025-02-13 05:05:12.571714,legumes,3.9616214134707164,36.81022728405576,dommage
2025-02-12 05:05:12.571716,fruits,3.7228545465981577,49.08355743436509,date_expiration
2025-02-11 05:05:12.571717,poisson,0.7686810430390687,13.569973059768143,dommage
2025-02-10 05:05:12.571720,poisson,3.5311950827893064,33.05455547222965,saison
2025-02-09 05:05:12.571721,fruits,0.07541959053781945,10.706784005227266,saison
2025-02-08 05:05:12.571722,legumes,1.8140172805756138,28.701182474008885,saison
2025-02-07 05:05:12.571730,fruits,0.5227524823945714,23.732691847728475,date_expiration
2025-02-06 05:05:12.571732,poisson,0.2569555349432881,48.62826115194532,dommage
2025-02-05 05:05:12.571733,produits_laitiers,0.1601506866087655,30.81783636212686,dommage
2025-02-04 05:05:12.571735,produits_laitiers,2.383355899376474,18.12581223225412,saison
2025-02-03 05:05:12.571736,viande,0.8306520261371341,6.590693459508735,dommage
2025-02-02 05:05:12.571738,fruits,2.5802728744407553,8.411094608011794,surstock
2025-02-01 05:05:12.571739,fruits,0.13517987097894865,12.04052956761052,surstock
2025-01-31 05:05:12.571740,viande,0.7575207628353564,13.297366405674602,surstock
2025-01-30 05:05:12.571742,viande,1.550847028800099,42.68018683421575,dommage
2025-01-29 05:05:12.571743,viande,3.128194666675975,28.49991662584372,date_expiration
2025-01-28 05:05:12.571745,poisson,0.7676592140803179,26.646154657343956,date_expiration
2025-01-27 05:05:12.571747,fruits,1.9664181728043253,6.623674721591656,date_expiration
2025-01-26 05:05:12.571748,poisson,4.34272331744854,43.14684497412232,date_expiration
2025-01-25 05:05:12.571749,viande,1.9135130181441724,36.4179008572157,surstock
2025-01-24 05:05:12.571751,fruits,0.530431285931699,4.315749733100078,surstock
2025-01-23 05:05:12.571752,poisson,0.04940682748831045,35.68391976425867,saison
2025-01-22 05:05:12.571754,poisson,4.081963372748363,27.633372649789656,dommage
2025-01-21 05:05:12.571755,viande,0.04299772832052263,5.004541941592135,dommage
2025-01-20 05:05:12.571756,fruits,4.154115533208341,23.456731434904167,date_expiration
2025-01-19 05:05:12.571758,viande,1.5055274409391088,24.750118069372302,surstock
2025-01-18 05:05:12.571759,fruits,5.595983685585326,9.122952468000513,date_expiration
2025-01-17 05:05:12.571761,produits_laitiers,3.2067450460462505,47.33920920301384,saison
2025-01-16 05:05:12.571763,legumes,12.364388821694652,42.64879320255243,dommage
2025-01-15 05:05:12.571764,legumes,0.8637572336965674,33.782094529126304,dommage
2025-01-14 05:05:12.571766,legumes,2.9150505182229156,23.652482489029754,date_expiration
2025-01-13 05:05:12.571767,viande,1.0280980052458817,21.176511537640916,saison
2025-01-12 05:05:12.571769,produits_laitiers,1.3073746085703826,32.89769989039675,dommage
2025-01-11 05:05:12.571770,fruits,1.9750658152562308,27.72616160093837,saison
2025-01-10 05:05:12.571772,poisson,4.13782812806478,4.051382188212395,saison
2025-01-09 05:05:12.571773,fruits,8.280794073682618,26.112629789746254,date_expiration
2025-01-08 05:05:12.571775,poisson,2.92439422067845,40.513777244409134,surstock
2025-01-07 05:05:12.571776,fruits,1.0817683871822836,23.502754002250946,date_expiration
2025-01-06 05:05:12.571777,produits_laitiers,1.0941391516380483,3.5458723001591523,surstock
2025-01-05 05:05:12.571780,poisson,2.675635551947331,39.527631769817624,saison
2025-01-04 05:05:12.571782,viande,0.5456582401191886,10.866825324662745,surstock
2025-01-03 05:05:12.571783,fruits,0.23413333916132295,13.6724209095139,saison
2025-01-02 05:05:12.571784,fruits,0.875838663188233,9.070611318182499,dommage
2025-01-01 05:05:12.571786,poisson,0.677218212835652,17.18053817870338,dommage
2024-12-31 05:05:12.571787,viande,0.7028293794646111,38.08082377874312,dommage
2024-12-30 05:05:12.571789,viande,0.5321223319189935,26.44990711569293,date_expiration
2024-12-29 05:05:12.571790,produits_laitiers,0.08600956187469465,11.039182433384916,date_expiration
2024-12-28 05:05:12.571792,viande,0.03607120566389812,44.01367382945,saison
2024-12-27 05:05:12.571793,viande,8.799955958224604,44.09951089262493,dommage
2024-12-26 05:05:12.571795,viande,1.116439493784204,43.65834282725434,date_expiration
2024-12-25 05:05:12.571796,legumes,0.9700774549106357,12.701014357695424,dommage
2024-12-24 05:05:12.571797,produits_laitiers,2.2766652972528942,23.110727864868416,date_expiration
2024-12-23 05:05:12.571799,fruits,0.49245051188186667,49.26449315090288,surstock
2024-12-22 05:05:12.571801,poisson,5.989912507479552,38.82861133918953,surstock
2024-12-21 05:05:12.571803,fruits,3.0867855637511723,2.331203640052431,dommage
2024-12-20 05:05:12.571806,produits_laitiers,0.1873272772820139,4.195024971764111,saison
2024-12-19 05:05:12.571808,poisson,1.0811295480667795,23.732637463804306,date_expiration
2024-12-18 05:05:12.571811,produits_laitiers,4.225885920281707,45.551790087216446,date_expiration
2024-12-17 05:05:12.571814,viande,5.791123206241664,27.396388099682998,surstock
2024-12-16 05:05:12.571817,poisson,1.2599748862027846,25.392812893680222,surstock
2024-12-15 05:05:12.571820,viande,1.900788345152873,6.168211297874898,saison
2024-12-14 05:05:12.571822,fruits,0.3655247785135971,33.182225131490405,saison
2024-12-13 05:05:12.571824,fruits,9.458889372185626,41.283054869411046,saison
2024-12-12 05:05:12.571825,poisson,0.5270763300353666,19.640580367870555,dommage
2024-12-11 05:05:12.571826,poisson,5.720018662987776,39.00498069534105,surstock
2024-12-10 05:05:12.571828,produits_laitiers,2.09762611893712,48.25935604113977,dommage
2024-12-09 05:05:12.571829,produits_laitiers,1.871644445744388,10.984556497256765,surstock
2024-12-08 05:05:12.571831,viande,1.4377035051848823,26.643151928542324,surstock
2024-12-07 05:05:12.571832,poisson,0.5244700561039253,15.0697599461442,date_expiration
2024-12-06 05:05:12.571833,fruits,0.38845154004673454,39.849866532658126,surstock
2024-12-05 05:05:12.571835,produits_laitiers,0.4981697972410135,29.30207492817672,surstock
2024-12-04 05:05:12.571836,produits_laitiers,0.41266692710910036,32.09453845996488,dommage
2024-12-03 05:05:12.571838,fruits,3.024481515145593,40.09779382117881,surstock
2024-12-02 05:05:12.571839,produits_laitiers,0.8619512821461487,20.40255316046029,dommage
2024-12-01 05:05:12.571841,viande,0.11916601666553696,45.83941335194512,saison
2024-11-30 05:05:12.571842,poisson,6.954168433053549,27.118414495060858,surstock
2024-11-29 05:05:12.571843,fruits,4.304641940052001,8.739786318932053,surstock
2024-11-28 05:05:12.571845,poisson,5.255309107613509,35.09905679027132,dommage
2024-11-27 05:05:12.571846,produits_laitiers,10.560099538099413,39.869806171474465,saison
2024-11-26 05:05:12.571849,produits_laitiers,0.38206739315237065,16.521322176308807,date_expiration
2024-11-25 05:05:12.571851,fruits,1.0091637097877615,43.00178359293889,saison
2024-11-24 05:05:12.571852,viande,2.8396069509625415,45.40101948352255,dommage
2024-11-23 05:05:12.571853,legumes,2.381590804842675,14.568319881512638,saison
2024-11-22 05:05:12.571855,fruits,0.3342257695870137,49.19255216304588,dommage
2024-11-21 05:05:12.571856,legumes,3.3838260059726304,7.894864874389162,dommage
2024-11-20 05:05:12.571858,legumes,0.5083413344811726,10.898767751722009,date_expiration
2024-11-19 05:05:12.571859,viande,0.5067355079392861,10.027017122663281,surstock
2024-11-18 05:05:12.571861,legumes,1.539945968581674,44.80549579038565,dommage
2024-11-17 05:05:12.571862,legumes,1.797589048373838,33.060335063923134,dommage
2024-11-16 05:05:12.571863,viande,1.7354116910589348,8.453109877891372,date_expiration
2024-11-15 05:05:12.571868,legumes,0.19189180594202748,22.5758475000491,dommage
2024-11-14 05:05:12.571870,legumes,4.198649622582847,31.1496032284203,surstock
2024-11-13 05:05:12.571871,legumes,0.6174029953340311,5.089740164479782,date_expiration
2024-11-12 05:05:12.571873,fruits,0.27740932193880063,44.238402051959596,surstock
2024-11-11 05:05:12.571874,fruits,4.391916196960067,40.376573236635224,surstock
2024-11-10 05:05:12.571875,fruits,6.231352705506558,25.755131905255272,date_expiration
2024-11-09 05:05:12.571877,viande,3.9628535689499245,48.38920414769935,dommage
2024-11-08 05:05:12.571878,produits_laitiers,3.3163749394672246,21.470287984479885,surstock
2024-11-07 05:05:12.571880,legumes,2.12982500239724,49.22140563278839,surstock
2024-11-06 05:05:12.571881,legumes,1.6008295631397975,33.72807994137773,surstock
2024-11-05 05:05:12.571882,viande,0.18200979350470162,32.09889238944314,surstock
2024-11-04 05:05:12.571884,legumes,1.0500289998205297,9.131789869493465,date_expiration
2024-11-03 05:05:12.571885,fruits,0.9326241572612323,44.21446015692756,date_expiration
2024-11-02 05:05:12.571887,produits_laitiers,0.6015448469525689,21.946994708110143,saison
2024-11-01 05:05:12.571888,poisson,2.570511159994137,8.949436883341487,saison
2024-10-31 05:05:12.571890,legumes,1.3698649678353072,1.6177684788121929,surstock
2024-10-30 05:05:12.571891,fruits,0.16903889447111708,28.428028498280746,dommage
2024-10-29 05:05:12.571907,poisson,0.4973925223608329,26.84258148401114,surstock
2024-10-28 05:05:12.571908,produits_laitiers,2.299340255194498,36.24832749608877,dommage
2024-10-27 05:05:12.571909,poisson,0.15836968038982463,44.6226445978723,surstock
2024-10-26 05:05:12.571911,fruits,3.8103972460884097,4.890922647508447,saison
2024-10-25 05:05:12.571912,poisson,1.3669740886241568,36.84332802667775,saison
2024-10-24 05:05:12.571913,viande,1.310110274871182,10.183185260781528,dommage
2024-10-23 05:05:12.571914,poisson,1.7949761531761497,43.050675604701034,surstock
2024-10-22 05:05:12.571916,legumes,3.4822958258889534,41.13411217922115,dommage
2024-10-21 05:05:12.571917,legumes,0.8548362678904304,27.498893994291674,saison
2024-10-20 05:05:12.571918,viande,2.266507795845702,35.801897132542265,surstock
2024-10-19 05:05:12.571919,fruits,1.6681866820699471,16.40315554600367,surstock
2024-10-18 05:05:12.571920,legumes,0.6212962912021415,24.087227047707916,dommage
2024-10-17 05:05:12.571922,produits_laitiers,4.217822870880717,41.26020798781311,date_expiration
2024-10-16 05:05:12.571923,legumes,3.193300267505465,23.503994661487482,dommage
2024-10-15 05:05:12.571924,legumes,2.148533138769752,18.532115000946646,saison
2024-10-14 05:05:12.571925,fruits,3.802011437083213,25.216409915264695,saison
2024-10-13 05:05:12.571928,poisson,4.03924127644106,41.5842133694237,saison
2024-10-12 05:05:12.571929,legumes,2.464490641818622,17.425194321172764,saison
2024-10-11 05:05:12.571930,viande,3.628173701241865,9.514318063651446,saison
2024-10-10 05:05:12.571931,poisson,2.3911593287439676,35.88868699620826,date_expiration
2024-10-09 05:05:12.571933,produits_laitiers,2.27974858345773,41.47293242269601,surstock
2024-10-08 05:05:12.571934,fruits,1.9278728380443764,5.931236447653133,dommage
2024-10-07 05:05:12.571935,produits_laitiers,2.7944407832521283,12.753831525041292,dommage
2024-10-06 05:05:12.571936,poisson,0.345388350922558,7.956627498288701,saison
2024-10-05 05:05:12.571938,poisson,4.255092636104306,18.049129167526164,dommage
2024-10-04 05:05:12.571939,poisson,4.109006644285871,23.06719796636522,saison
2024-10-03 05:05:12.571940,produits_laitiers,0.05936702308604403,37.69249051120202,date_expiration
2024-10-02 05:05:12.571941,poisson,3.4952947525506275,32.906231659202035,date_expiration
2024-10-01 05:05:12.571943,produits_laitiers,0.2759278148075113,31.425499806443128,surstock
2024-09-30 05:05:12.571944,poisson,0.8162939650186172,18.266372383873065,date_expiration
2024-09-29 05:05:12.571945,viande,2.7213176063214832,42.230930101153234,date_expiration
2024-09-28 05:05:12.571946,poisson,0.35051686945912636,24.093071202510064,surstock
2024-09-27 05:05:12.571948,produits_laitiers,3.4071348443171448,48.976141962742574,dommage
2024-09-26 05:05:12.571949,legumes,3.5691805940244477,32.072964776491105,saison
2024-09-25 05:05:12.571950,poisson,1.416390610619194,7.186972336660634,saison
2024-09-24 05:05:12.571951,legumes,0.012812697234830334,34.132700541696266,dommage
2024-09-23 05:05:12.571952,viande,0.6766546854237102,16.930096756153247,surstock
2024-09-22 05:05:12.571954,fruits,1.919058988727477,34.630032637618775,dommage
2024-09-21 05:05:12.571955,viande,7.946326935948816,4.412416259957881,date_expiration
2024-09-20 05:05:12.571956,poisson,1.9983314981781268,9.56919042162201,surstock
2024-09-19 05:05:12.571957,legumes,0.6016793940202341,42.93112568638353,surstock
2024-09-18 05:05:12.571959,legumes,2.010275055883101,12.13179829415223,surstock
2024-09-17 05:05:12.571960,produits_laitiers,1.5529940135553426,42.01501513690406,saison
2024-09-16 05:05:12.571961,legumes,3.026850460258931,14.684528334266112,dommage
2024-09-15 05:05:12.571962,produits_laitiers,0.22629403459165812,32.501213592876674,surstock
2024-09-14 05:05:12.571964,fruits,2.8628169614729657,35.01337810198172,surstock
2024-09-13 05:05:12.571965,poisson,1.558572038139779,26.120082904107594,surstock
2024-09-12 05:05:12.571966,produits_laitiers,6.593242555535332,15.960223158139833,dommage
2024-09-11 05:05:12.571967,fruits,0.8367121799782223,11.419574442183709,saison
2024-09-10 05:05:12.571969,legumes,2.002727394690046,2.626278373558885,date_expiration
2024-09-09 05:05:12.571970,legumes,5.377321951137103,15.893373660795467,saison
2024-09-08 05:05:12.571971,fruits,0.21630599533054923,33.004976736032866,surstock
2024-09-07 05:05:12.571972,legumes,5.536507853677537,46.97693610397565,saison
2024-09-06 05:05:12.571974,fruits,2.328771767115938,43.68901963088955,saison
2024-09-05 05:05:12.571975,produits_laitiers,0.1404953005822166,38.53717405022983,date_expiration
2024-09-04 05:05:12.571976,produits_laitiers,0.7161048328564796,39.63391981941164,dommage
2024-09-03 05:05:12.571977,fruits,2.463181990242625,33.58426027032377,dommage
2024-09-02 05:05:12.571979,produits_laitiers,0.13945185478952263,13.754056020734147,saison
2024-09-01 05:05:12.571980,produits_laitiers,1.7453634581899276,45.452556504585665,saison
2024-08-31 05:05:12.571981,produits_laitiers,0.8489382630227224,33.86588328338587,dommage
2024-08-30 05:05:12.571982,viande,1.9399923809496695,28.46159091804156,dommage
2024-08-29 05:05:12.571983,poisson,0.0936424785559097,6.438483991460573,date_expiration
2024-08-28 05:05:12.571985,legumes,4.104225689753825,22.905721646514845,surstock
2024-08-27 05:05:12.571986,viande,7.260388750288683,23.557555288894388,saison
2024-08-26 05:05:12.571988,produits_laitiers,6.9396713289835015,43.363616866610826,dommage
2024-08-25 05:05:12.571990,fruits,2.76980531392246,27.785762789201634,saison
2024-08-24 05:05:12.571991,produits_laitiers,0.27872239766761153,19.639626899550073,saison
2024-08-23 05:05:12.571992,poisson,2.83981146232072,48.86321609702231,dommage
2024-08-22 05:05:12.571996,produits_laitiers,0.04978844456502263,6.425309072989468,date_expiration
2024-08-21 05:05:12.571997,fruits,0.04474389546894773,21.704872987285285,saison
2024-08-20 05:05:12.571998,poisson,0.7819715404344604,3.0592090833988594,date_expiration
2024-08-19 05:05:12.572000,produits_laitiers,1.3413753498433603,37.25530191757959,dommage
2024-08-18 05:05:12.572001,poisson,2.9428978451677135,45.98575105775838,surstock
2024-08-17 05:05:12.572002,legumes,2.299571453781638,14.721829147973983,surstock
2024-08-16 05:05:12.572003,legumes,1.180829974791417,43.05874216315692,saison
2024-08-15 05:05:12.572005,produits_laitiers,0.639382325116814,15.318693292632991,dommage
2024-08-14 05:05:12.572006,poisson,11.703057523313959,45.627737920551844,date_expiration
2024-08-13 05:05:12.572007,fruits,1.1108835802200683,37.94413327624241,saison
2024-08-12 05:05:12.572008,produits_laitiers,1.2007240968490858,40.440432065230496,dommage
2024-08-11 05:05:12.572009,legumes,0.3573535849091114,1.8823212244222705,dommage
2024-08-10 05:05:12.572011,legumes,3.1676334012746166,48.17770749662727,date_expiration
2024-08-09 05:05:12.572012,produits_laitiers,2.3662644760731477,36.60687861144584,saison
2024-08-08 05:05:12.572013,poisson,0.49889705890635194,15.932803673920533,dommage
2024-08-07 05:05:12.572014,legumes,0.1719461138047574,41.6403385780835,dommage
2024-08-06 05:05:12.572016,poisson,2.2819916414744807,14.794538722331568,dommage
2024-08-05 05:05:12.572017,legumes,2.125590188846286,43.76493813874027,date_expiration
2024-08-04 05:05:12.572018,legumes,0.6383716973474793,6.516439130184914,saison
2024-08-03 05:05:12.572019,viande,6.0263088127702185,35.48061289557899,saison
2024-08-02 05:05:12.572020,legumes,0.3275285663893017,27.494225355600605,saison
2024-08-01 05:05:12.572022,fruits,1.1324469450068233,5.7301890395766,saison
2024-07-31 05:05:12.572023,produits_laitiers,5.751136865599309,12.85279758468311,surstock
2024-07-30 05:05:12.572024,produits_laitiers,1.0885142853871002,1.6077977775884247,surstock
2024-07-29 05:05:12.572025,poisson,2.0351300354602055,23.969630307760784,saison
2024-07-28 05:05:12.572027,legumes,1.0136486060182792,15.761997777240019,date_expiration
2024-07-27 05:05:12.572028,fruits,0.6410034601337625,30.31951673059018,surstock
2024-07-26 05:05:12.572029,poisson,8.267541058263548,15.564652577722242,dommage
2024-07-25 05:05:12.572030,viande,1.0530091516908464,15.69603646384225,surstock
2024-07-24 05:05:12.572031,poisson,4.490505013696264,37.416466737848566,dommage
2024-07-23 05:05:12.572033,poisson,0.5226116249677809,3.358998962939319,saison
2024-07-22 05:05:12.572034,legumes,0.47932016275771583,45.24185476440737,surstock
2024-07-21 05:05:12.572035,viande,0.06325809819111,42.760929845167894,date_expiration
2024-07-20 05:05:12.572036,poisson,2.1091917177519792,33.72242947809392,surstock
2024-07-19 05:05:12.572038,fruits,0.9193981083444027,30.06785693526183,surstock
2024-07-18 05:05:12.572039,fruits,3.9954761176535873,44.72282240884296,surstock
2024-07-17 05:05:12.572040,produits_laitiers,1.2819062294056274,10.081178796907007,saison
2024-07-16 05:05:12.572041,viande,6.896164682401602,4.869488947350602,date_expiration
2024-07-15 05:05:12.572042,viande,0.4104243565216768,12.735998325567367,surstock
2024-07-14 05:05:12.572044,produits_laitiers,4.059371009459821,39.93433565630932,date_expiration
2024-07-13 05:05:12.572045,poisson,2.997554609348595,2.698843069597683,saison
2024-07-12 05:05:12.572046,viande,2.9473840877800725,29.55753491909099,dommage
2024-07-11 05:05:12.572047,fruits,3.725865221629178,49.776438293374184,surstock
2024-07-10 05:05:12.572049,fruits,2.862784225207454,42.929108598039434,date_expiration
2024-07-09 05:05:12.572050,legumes,1.9681775008471276,26.550838763135882,date_expiration
2024-07-08 05:05:12.572051,viande,0.28138797185516495,4.118404555045474,saison
2024-07-07 05:05:12.572053,poisson,0.06613382669997142,41.737302204899784,surstock
2024-07-06 05:05:12.572054,produits_laitiers,5.072766603628528,30.349946900683317,dommage
2024-07-05 05:05:12.572055,produits_laitiers,1.9176153788615604,6.631716855918775,date_expiration
2024-07-04 05:05:12.572056,poisson,3.184545077863279,5.599006956344454,surstock
2024-07-03 05:05:12.572058,legumes,1.3137167205395892,45.57171415239303,dommage
2024-07-02 05:05:12.572059,produits_laitiers,0.24955832834801606,33.79081288396584,date_expiration
2024-07-01 05:05:12.572061,viande,0.2674874982326768,41.63505316652102,date_expiration
2024-06-30 05:05:12.572063,legumes,2.3139576298894227,44.0699661138311,dommage
2024-06-29 05:05:12.572064,viande,1.1253114398483806,29.016845250367787,dommage
2024-06-28 05:05:12.572065,fruits,0.44759934978327226,26.354871235997024,saison
2024-06-27 05:05:12.572066,legumes,1.352952026818662,22.09094310572852,surstock
2024-06-26 05:05:12.572068,produits_laitiers,0.13272610158691933,16.530382801764844,surstock
2024-06-25 05:05:12.572069,legumes,1.7444108646499012,22.295202082076877,saison
2024-06-24 05:05:12.572070,legumes,0.6266655932249148,38.92010313077766,date_expiration
2024-06-23 05:05:12.572071,legumes,3.1946145800639236,30.494248119741446,dommage
2024-06-22 05:05:12.572073,legumes,0.7431767943603876,44.73364120778746,dommage
2024-06-21 05:05:12.572074,viande,1.214747018390625,22.725620704580198,dommage
2024-06-20 05:05:12.572075,fruits,0.023377172101861805,30.747389357218946,date_expiration
2024-06-19 05:05:12.572076,poisson,0.15041044461339573,31.934070101507448,dommage
2024-06-18 05:05:12.572077,legumes,0.9967849941714344,29.99316095300995,dommage
2024-06-17 05:05:12.572079,produits_laitiers,1.3076176975600253,35.429054881190304,saison
2024-06-16 05:05:12.572080,legumes,1.8326842069838267,12.634239950365508,date_expiration
2024-06-15 05:05:12.572081,produits_laitiers,0.6896694301489164,26.105825099743743,surstock
2024-06-14 05:05:12.572082,viande,2.374768228778372,6.107015337609036,saison
2024-06-13 05:05:12.572083,produits_laitiers,3.9339750088062044,19.841055054595817,saison
2024-06-12 05:05:12.572085,poisson,3.0269012773951416,24.895686362441957,surstock
2024-06-11 05:05:12.572086,fruits,0.08085003279540631,32.95898871772815,saison
2024-06-10 05:05:12.572087,produits_laitiers,1.3098036830042166,47.576021576723974,date_expiration
2024-06-09 05:05:12.572088,produits_laitiers,0.22170710161909227,30.43190226086944,dommage
2024-06-08 05:05:12.572089,fruits,0.5542625655694364,37.43610189265143,date_expiration
2024-06-07 05:05:12.572090,poisson,8.634365310458866,25.807036915264934,surstock
2024-06-06 05:05:12.572092,legumes,0.30745780434611725,32.07109753744024,surstock
2024-06-05 05:05:12.572093,produits_laitiers,1.3818519124180149,4.475678590554898,saison
2024-06-04 05:05:12.572094,fruits,1.925484869922573,13.465187461250503,date_expiration
2024-06-03 05:05:12.572095,viande,2.4244466297154763,18.730801567051795,date_expiration
2024-06-02 05:05:12.572097,fruits,1.6403648480762212,24.152174395319165,surstock
2024-06-01 05:05:12.572098,viande,0.019637790769126452,3.236788529616803,date_expiration
2024-05-31 05:05:12.572099,poisson,0.7904196719957203,7.861180780112567,surstock
2024-05-30 05:05:12.572100,legumes,1.4584261871453665,14.563901081773983,date_expiration
2024-05-29 05:05:12.572104,fruits,0.18393783420810145,48.605101854151485,date_expiration
2024-05-28 05:05:12.572105,produits_laitiers,0.8634957821673652,17.236003348049486,date_expiration
2024-05-27 05:05:12.572106,poisson,0.0675336914110481,24.620011847492044,surstock
2024-05-26 05:05:12.572108,fruits,0.1636753792161745,10.608787924181254,saison
2024-05-25 05:05:12.572109,produits_laitiers,1.0114217070711897,30.928223482712646,date_expiration
2024-05-24 05:05:12.572110,fruits,0.28477701184932275,14.753477560282741,surstock
2024-05-23 05:05:12.572111,viande,1.6765348078362414,11.142636343482913,surstock
2024-05-22 05:05:12.572112,fruits,2.338917126316868,26.312058793852973,date_expiration
2024-05-21 05:05:12.572114,fruits,3.2247514382215186,1.2697841588606202,date_expiration
2024-05-20 05:05:12.572115,fruits,0.4466627485156944,1.375537599812041,saison
2024-05-19 05:05:12.572116,poisson,0.3666022702701539,11.73437164599103,surstock
2024-05-18 05:05:12.572117,fruits,0.22089763457015135,2.799346762540236,surstock
2024-05-17 05:05:12.572119,produits_laitiers,2.023568229408261,6.293261952403878,dommage
2024-05-16 05:05:12.572120,viande,2.451589879023199,17.60417181759883,surstock
2024-05-15 05:05:12.572121,viande,0.06419149347206422,40.32669829941083,saison
2024-05-14 05:05:12.572122,fruits,5.5043881088978175,29.03038352509574,dommage
2024-05-13 05:05:12.572124,poisson,0.10674097135801607,26.120718571864405,dommage
2024-05-12 05:05:12.572125,poisson,1.558701776191244,15.38095233719796,dommage
2024-05-11 05:05:12.572126,produits_laitiers,2.469280008122478,46.655932252208004,date_expiration
2024-05-10 05:05:12.572127,fruits,4.095407104909522,20.45373702062239,date_expiration
2024-05-09 05:05:12.572129,viande,2.5041349457440525,5.267545572992804,surstock
2024-05-08 05:05:12.572130,poisson,3.236231745193452,31.236259289772264,dommage
2024-05-07 05:05:12.572131,fruits,0.8293654982928672,6.578081280353469,saison
2024-05-06 05:05:12.572132,poisson,3.3729091386958467,17.915933997282913,date_expiration
2024-05-05 05:05:12.572134,poisson,0.1670128995163253,25.863184997172635,saison
2024-05-04 05:05:12.572135,viande,4.504100637570432,43.83690370957361,saison
2024-05-03 05:05:12.572136,legumes,1.586343365757859,25.183782436665815,date_expiration
2024-05-02 05:05:12.572137,produits_laitiers,3.3997952193310375,35.41067953555155,date_expiration
2024-05-01 05:05:12.572138,produits_laitiers,1.2041219438700927,49.64802511095445,date_expiration
2024-04-30 05:05:12.572140,viande,2.0632780034401774,7.442966875001099,date_expiration
2024-04-29 05:05:12.572141,poisson,1.4947956279175392,14.461844750456457,dommage
2024-04-28 05:05:12.572144,fruits,2.6304756699738414,20.334227704284675,dommage
2024-04-27 05:05:12.572145,poisson,0.17030979977791233,21.669580748402737,dommage
2024-04-26 05:05:12.572146,viande,0.12450006263803015,21.140032688011743,dommage
2024-04-25 05:05:12.572148,produits_laitiers,0.5676543150798328,45.47293912527119,surstock
2024-04-24 05:05:12.572149,poisson,0.3476229730303001,35.987599578875965,dommage
2024-04-23 05:05:12.572150,produits_laitiers,4.1080711140047965,30.787355490444483,date_expiration
2024-04-22 05:05:12.572151,fruits,0.4949083163611079,16.159263175276322,saison
2024-04-21 05:05:12.572152,produits_laitiers,7.448205618868187,41.36572882684344,dommage
2024-04-20 05:05:12.572154,produits_laitiers,0.8216462486628586,47.797965062764455,surstock
2024-04-19 05:05:12.572155,legumes,0.40207420795770576,41.2387158449611,date_expiration
2024-04-18 05:05:12.572156,legumes,3.118426195188695,1.0766901543821723,saison
2024-04-17 05:05:12.572157,legumes,2.1500324106830373,32.18366713898695,saison
2024-04-16 05:05:12.572159,produits_laitiers,1.3790902174468676,3.5056336906629353,dommage
2024-04-15 05:05:12.572160,viande,1.6209965982312413,13.62275379635237,saison
2024-04-14 05:05:12.572161,produits_laitiers,2.5402378794579326,3.9167103170408124,dommage
2024-04-13 05:05:12.572162,viande,0.5187198913734135,30.585977194519998,dommage
2024-04-12 05:05:12.572163,viande,11.217262464095409,34.64290576113773,date_expiration
2024-04-11 05:05:12.572164,legumes,7.36127995578019,6.609894265229351,date_expiration
2024-04-10 05:05:12.572166,poisson,2.1015061802651136,19.808105269203995,surstock
2024-04-09 05:05:12.572167,fruits,0.4451435569377867,23.35558893882156,date_expiration
2024-04-08 05:05:12.572168,legumes,2.2802955905507374,19.083598066284914,date_expiration
2024-04-07 05:05:12.572169,legumes,0.14987474366858658,6.930225023774459,dommage
2024-04-06 05:05:12.572170,poisson,0.06226423304723896,21.528441719186294,date_expiration
2024-04-05 05:05:12.572172,fruits,0.5959575062777931,37.80772434261249,dommage
2024-04-04 05:05:12.572173,produits_laitiers,1.2421106037468779,4.479375562129517,dommage
2024-04-03 05:05:12.572174,produits_laitiers,4.054039850381681,4.92882069001327,date_expiration
2024-04-02 05:05:12.572175,legumes,2.597805957635778,18.383793299963227,surstock
2024-04-01 05:05:12.572177,fruits,2.715075809498644,47.144559869327324,surstock
2024-03-31 05:05:12.572178,legumes,1.1084871588148277,33.76005968942279,saison
2024-03-30 05:05:12.572179,viande,0.8490970653789652,34.25482787695567,saison
2024-03-29 05:05:12.572180,legumes,0.9273713010945941,18.734079551055384,date_expiration
2024-03-28 05:05:12.572182,legumes,8.788127783033008,30.08937876921838,surstock
2024-03-27 05:05:12.572184,produits_laitiers,0.08187148408785734,1.4964280173594255,dommage
2024-03-26 05:05:12.572185,produits_laitiers,4.035285983511478,32.16870627406757,saison
2024-03-25 05:05:12.572186,produits_laitiers,1.728703482705325,45.7510604312356,dommage
2024-03-24 05:05:12.572188,viande,1.154698162069319,31.01609994889614,saison
2024-03-23 05:05:12.572189,produits_laitiers,2.583843134977741,43.811231079850906,date_expiration
2024-03-22 05:05:12.572190,fruits,1.333668607198428,36.4746797178386,surstock
2024-03-21 05:05:12.572191,poisson,4.133812682535534,6.907362403780822,saison
2024-03-20 05:05:12.572193,fruits,4.619256959240749,45.22021205700624,surstock
2024-03-19 05:05:12.572194,fruits,1.0953974027080495,4.2557483734329695,dommage
2024-03-18 05:05:12.572195,produits_laitiers,0.6482158141702838,27.164406154840425,date_expiration
2024-03-17 05:05:12.572196,poisson,1.7946942438818185,7.964719065879425,surstock
2024-03-16 05:05:12.572198,poisson,4.869111879047198,1.5736239258142992,date_expiration
2024-03-15 05:05:12.572199,poisson,0.4731217979000491,21.67967874625431,surstock
2024-03-14 05:05:12.572200,viande,1.9508429153991511,15.456994675053656,dommage
2024-03-13 05:05:12.572201,produits_laitiers,1.996956000451087,24.81402419608255,dommage
2024-03-12 05:05:12.572202,poisson,2.641860030253711,29.282794449992988,date_expiration
2024-03-11 05:05:12.572204,viande,0.28213125940532086,3.1432145431384204,dommage
2024-03-10 05:05:12.572205,legumes,2.5163298182542198,7.027161461063536,saison
2024-03-09 05:05:12.572206,legumes,4.79450641257849,28.373477426070842,surstock
2024-03-08 05:05:12.572207,viande,0.3961291215602891,17.81520030546025,dommage
2024-03-07 05:05:12.572208,viande,0.5424191833743239,36.72950088992295,saison
2024-03-06 05:05:12.572210,produits_laitiers,7.108354077723023,32.962290781005045,date_expiration
2024-03-05 05:05:12.572211,produits_laitiers,0.3992861095103158,42.43461378650544,saison
2024-03-04 05:05:12.572216,legumes,3.853579535513316,34.93214850679204,date_expiration
2024-03-03 05:05:12.572217,poisson,1.3556418851070982,22.066622792117258,date_expiration
2024-03-02 05:05:12.572218,legumes,0.5679939399887409,33.975364497327185,surstock
2024-03-01 05:05:12.572220,poisson,4.092012003489698,14.493677538515508,surstock
2024-02-29 05:05:12.572221,poisson,1.1786746511199115,16.009361440132423,saison
2024-02-28 05:05:12.572222,produits_laitiers,1.4464597382022362,39.66027283611887,surstock
2024-02-27 05:05:12.572223,fruits,0.8901799183556157,22.874556303677526,surstock
2024-02-26 05:05:12.572225,fruits,1.797642685370157,40.12063668539927,surstock
2024-02-25 05:05:12.572226,viande,0.35711459523526273,41.298696309745644,saison
2024-02-24 05:05:12.572227,produits_laitiers,0.9921418127269471,43.0205545454029,dommage
2024-02-23 05:05:12.572228,poisson,6.974316083642288,45.91512655621916,surstock
2024-02-22 05:05:12.572229,fruits,0.5971717608480124,22.118275805151516,surstock
2024-02-21 05:05:12.572231,poisson,2.1385147690342055,16.624474097735803,saison
2024-02-20 05:05:12.572232,fruits,0.7866484087778541,29.527738583111578,dommage
2024-02-19 05:05:12.572233,fruits,2.96978338141433,19.18744874844375,surstock
2024-02-18 05:05:12.572234,fruits,0.2805335592202735,30.452634173211415,date_expiration
2024-02-17 05:05:12.572236,produits_laitiers,7.0012209088488,35.573707269547405,saison
2024-02-16 05:05:12.572238,legumes,1.2095018443294756,34.73184590611471,surstock
2024-02-15 05:05:12.572240,poisson,0.5385070869954405,19.353091463985947,surstock
2024-02-14 05:05:12.572241,produits_laitiers,0.15267544511187414,9.176149883238889,date_expiration
2024-02-13 05:05:12.572242,produits_laitiers,0.37207588020918786,22.09593758464817,date_expiration
2024-02-12 05:05:12.572243,produits_laitiers,1.466996690859163,7.987113060013528,saison
2024-02-11 05:05:12.572245,produits_laitiers,0.8219701596103333,44.61475472400661,saison
2024-02-10 05:05:12.572246,produits_laitiers,3.530819768244315,17.947995576155012,date_expiration
2024-02-09 05:05:12.572247,viande,1.1273543813711848,8.568527613942866,saison
2024-02-08 05:05:12.572248,poisson,0.571938473951702,2.246940235381793,date_expiration
2024-02-07 05:05:12.572250,produits_laitiers,1.9201978331469356,32.64529692803772,surstock
2024-02-06 05:05:12.572251,poisson,2.4536452139186897,32.20821355528242,date_expiration
2024-02-05 05:05:12.572252,viande,0.36554389537169363,17.689604162483292,date_expiration
2024-02-04 05:05:12.572253,viande,0.3669305402615214,4.513882553534899,dommage
2024-02-03 05:05:12.572254,poisson,0.07472145601896547,21.07181584986637,date_expiration
2024-02-02 05:05:12.572256,fruits,2.666660241579668,16.249657258106286,date_expiration
2024-02-01 05:05:12.572257,legumes,2.180125050294198,34.17891134701546,dommage
2024-01-31 05:05:12.572258,fruits,1.2873083392705855,30.68318322318183,saison
2024-01-30 05:05:12.572259,fruits,3.7179849813523003,18.86509268167946,dommage
2024-01-29 05:05:12.572260,fruits,3.2763966423387028,11.676735158494514,surstock
2024-01-28 05:05:12.572262,produits_laitiers,1.7606620272718432,49.413762341624,dommage
2024-01-27 05:05:12.572263,viande,4.054021253058005,23.246079438609627,surstock
2024-01-26 05:05:12.572264,fruits,0.4609437007411471,34.725437553231615,saison
2024-01-25 05:05:12.572265,viande,0.23738604278056916,7.887095411339678,dommage
2024-01-24 05:05:12.572267,poisson,0.6287356114562158,24.79389528331049,dommage
2024-01-23 05:05:12.572268,legumes,0.11756221345992542,2.3492992736038087,saison
2024-01-22 05:05:12.572269,poisson,1.5150280856678877,25.767300777612046,surstock
2024-01-21 05:05:12.572270,poisson,5.516762410803933,48.236852948767414,dommage
2024-01-20 05:05:12.572272,produits_laitiers,0.08027683281876447,19.82612893630421,surstock
2024-01-19 05:05:12.572273,legumes,0.2604677599662335,2.910804616170668,dommage
2024-01-18 05:05:12.572274,poisson,1.2036864966038618,2.516833755047833,date_expiration
2024-01-17 05:05:12.572275,poisson,5.432417307751989,20.011351237396603,dommage
2024-01-16 05:05:12.572276,legumes,0.760051222113574,8.841221886696509,saison
2024-01-15 05:05:12.572278,legumes,1.4154450075426903,2.1442527200811097,saison
2024-01-14 05:05:12.572279,poisson,0.08492346600210339,38.05446708355866,surstock
2024-01-13 05:05:12.572280,legumes,0.32114330267283786,23.467627435212645,dommage
2024-01-12 05:05:12.572281,poisson,8.629502169066757,15.172993826660072,surstock
2024-01-11 05:05:12.572283,poisson,6.711608615639818,45.10407596780755,surstock
2024-01-10 05:05:12.572284,produits_laitiers,0.009904445947655232,6.690809049825755,date_expiration
2024-01-09 05:05:12.572285,fruits,6.065281597357631,47.84002261881064,date_expiration
2024-01-08 05:05:12.572286,poisson,2.038419227137002,16.38436915149029,saison
2024-01-07 05:05:12.572287,viande,4.048669133953021,44.53177994312538,surstock
2024-01-06 05:05:12.572289,fruits,1.212984538184019,30.544200947493614,saison
2024-01-05 05:05:12.572290,fruits,1.4496721373955421,41.50866062733289,dommage
2024-01-04 05:05:12.572291,fruits,1.34217099901772,49.21664499731275,surstock
2024-01-03 05:05:12.572292,produits_laitiers,2.1984104741311667,15.13186645311854,surstock
2024-01-02 05:05:12.572294,poisson,0.30083490841891436,48.09563878497205,dommage
2024-01-01 05:05:12.572295,produits_laitiers,0.06086396183994254,20.084612850218598,dommage
2023-12-31 05:05:12.572296,poisson,0.7361361760275618,19.890083332109192,saison
2023-12-30 05:05:12.572297,produits_laitiers,2.439396695081679,17.67896810847078,saison
2023-12-29 05:05:12.572298,produits_laitiers,0.4509261088732207,27.528972760031674,dommage
2023-12-28 05:05:12.572300,viande,2.238236818663958,8.553107115745867,saison
2023-12-27 05:05:12.572301,produits_laitiers,7.007260780458419,28.131862782542548,dommage
2023-12-26 05:05:12.572302,legumes,0.19721278744357393,27.543535808090198,surstock
2023-12-25 05:05:12.572303,viande,2.2331581678090724,38.33318881763863,surstock
2023-12-24 05:05:12.572304,produits_laitiers,1.173075679514347,41.84884813494169,date_expiration
2023-12-23 05:05:12.572306,fruits,4.052063244387033,22.581626165308776,surstock
2023-12-22 05:05:12.572307,legumes,0.3899621981172876,15.814329218223193,dommage
2023-12-21 05:05:12.572308,legumes,2.3593797527607077,13.707409968537629,saison
2023-12-20 05:05:12.572309,legumes,3.6417417231952913,10.536567998538725,date_expiration
2023-12-19 05:05:12.572310,viande,5.786864774760546,3.824731527752219,saison
2023-12-18 05:05:12.572312,produits_laitiers,2.299272469969244,17.779950962900955,dommage
2023-12-17 05:05:12.572313,produits_laitiers,1.3750252252230792,14.24213691440838,surstock
2023-12-16 05:05:12.572314,fruits,1.923869711101883,48.354451907453964,date_expiration
2023-12-15 05:05:12.572315,fruits,4.0636658187358226,28.327732486252152,dommage
2023-12-14 05:05:12.572317,legumes,1.6907781841380116,18.01657491249487,date_expiration
2023-12-13 05:05:12.572318,fruits,0.06171663546781039,29.442912448691104,date_expiration
2023-12-12 05:05:12.572319,viande,5.345811014598346,7.82063836593908,surstock
2023-12-11 05:05:12.572323,produits_laitiers,2.3393150720223006,22.75814371090794,dommage
2023-12-10 05:05:12.572324,legumes,2.257195087758978,31.685481749632128,saison
2023-12-09 05:05:12.572325,fruits,0.4858639960360479,24.955993757830118,date_expiration
2023-12-08 05:05:12.572326,viande,2.1510739873361775,20.68716123206189,date_expiration
2023-12-07 05:05:12.572328,viande,1.0013031297917176,49.698571056085214,saison
2023-12-06 05:05:12.572329,fruits,2.106702271374473,44.135423345297426,dommage
2023-12-05 05:05:12.572330,produits_laitiers,0.2254261375653921,31.546891949812565,date_expiration
2023-12-04 05:05:12.572331,fruits,2.144984636931713,28.899490697931856,date_expiration
2023-12-03 05:05:12.572332,legumes,14.883445819408811,31.412363511404617,date_expiration
2023-12-02 05:05:12.572334,fruits,0.09882599778860138,10.86429328329923,dommage
2023-12-01 05:05:12.572335,viande,7.559726225124457,20.36174941995161,dommage
2023-11-30 05:05:12.572336,fruits,1.0448113649091946,2.9335171116540666,saison
2023-11-29 05:05:12.572338,produits_laitiers,4.092066922031506,24.301755836854507,dommage
2023-11-28 05:05:12.572341,poisson,3.050060113868585,27.608204613925494,dommage
2023-11-27 05:05:12.572342,fruits,1.6741102118531048,12.15973706905727,surstock
2023-11-26 05:05:12.572344,produits_laitiers,2.682253571705317,48.23741351111018,saison
2023-11-25 05:05:12.572345,produits_laitiers,4.215938201916679,45.56327593592486,date_expiration
2023-11-24 05:05:12.572346,viande,1.0355001572974054,36.385018537339384,dommage
2023-11-23 05:05:12.572347,produits_laitiers,0.7921184495820129,27.135944809502767,date_expiration
2023-11-22 05:05:12.572348,produits_laitiers,2.202792634344614,43.628488822736564,date_expiration
2023-11-21 05:05:12.572350,produits_laitiers,3.2989156859421467,7.401964847349682,surstock
2023-11-20 05:05:12.572351,produits_laitiers,2.873366737641024,39.73497991946937,dommage
2023-11-19 05:05:12.572352,legumes,3.197130952895551,7.116219884375567,saison
2023-11-18 05:05:12.572353,legumes,1.143924993483773,39.91632246492087,dommage
2023-11-17 05:05:12.572354,viande,3.4056762127717266,14.512610844316491,date_expiration
2023-11-16 05:05:12.572356,fruits,0.2561419253071429,43.977438469891254,saison
2023-11-15 05:05:12.572357,produits_laitiers,1.5726712566885659,47.25806259744449,dommage
2023-11-14 05:05:12.572359,fruits,0.011550611032507709,8.291002500850666,date_expiration
2023-11-13 05:05:12.572360,fruits,0.7848583818863757,23.67110464820428,date_expiration
2023-11-12 05:05:12.572361,viande,0.9128691252583723,49.06838152997157,surstock
2023-11-11 05:05:12.572362,produits_laitiers,1.0089340703773348,24.686964362684183,surstock
2023-11-10 05:05:12.572364,produits_laitiers,2.3779530040622885,43.31382860321271,surstock
2023-11-09 05:05:12.572365,poisson,0.983870685422813,29.84784458443467,date_expiration
2023-11-08 05:05:12.572366,fruits,1.190929171127857,19.39116548806049,dommage
2023-11-07 05:05:12.572367,fruits,0.5424212974639558,15.00339422076764,surstock
2023-11-06 05:05:12.572368,legumes,0.9344208011013524,10.957931463218276,dommage
2023-11-05 05:05:12.572370,poisson,0.5156501950660977,38.32811137750716,surstock
2023-11-04 05:05:12.572371,legumes,0.15202617651077444,19.940484834328366,saison
2023-11-03 05:05:12.572372,legumes,1.8498991906369124,26.052497647836805,saison
2023-11-02 05:05:12.572373,legumes,2.206522950142138,25.123948520057915,surstock
2023-11-01 05:05:12.572375,viande,1.9324874602968365,29.28667243242343,date_expiration
2023-10-31 05:05:12.572376,viande,1.2453552300338948,43.41328013560306,surstock
2023-10-30 05:05:12.572377,legumes,0.9553806895597998,49.05622783558804,surstock
2023-10-29 05:05:12.572378,poisson,3.98042544378951,20.97162622011703,date_expiration
2023-10-28 05:05:12.572380,fruits,1.4641161096031872,41.54842718320885,saison
2023-10-27 05:05:12.572381,poisson,1.3047087830304989,38.461861938081164,dommage
2023-10-26 05:05:12.572382,produits_laitiers,0.051953107884028946,29.102918621323088,surstock
2023-10-25 05:05:12.572384,viande,0.8348157628215953,47.846310036984725,date_expiration
2023-10-24 05:05:12.572385,fruits,0.9567027297976104,10.823251260891736,surstock
2023-10-23 05:05:12.572386,fruits,1.0177310283959984,6.3539463051714495,date_expiration
2023-10-22 05:05:12.572387,produits_laitiers,1.7358221097305413,42.844136380815684,dommage
2023-10-21 05:05:12.572389,produits_laitiers,1.5254342087057378,22.518341015053668,dommage
2023-10-20 05:05:12.572390,legumes,1.8725027165496395,42.501473856145964,saison
2023-10-19 05:05:12.572391,viande,2.8953462575737623,44.76142005457533,date_expiration
2023-10-18 05:05:12.572392,viande,3.3531408029703296,4.0604220873345005,date_expiration
2023-10-17 05:05:12.572393,poisson,2.532569487662782,44.28977338631697,saison
2023-10-16 05:05:12.572395,legumes,6.225597450008411,22.967633713101687,saison
2023-10-15 05:05:12.572396,legumes,0.03680168916540005,26.011191961207377,date_expiration
2023-10-14 05:05:12.572397,legumes,0.4357598214250259,31.703033043567302,saison
2023-10-13 05:05:12.572399,legumes,0.015183237062831378,46.39274772977425,dommage
2023-10-12 05:05:12.572400,viande,2.0852658528155033,1.9366886270584374,surstock
2023-10-11 05:05:12.572401,viande,4.566164020132954,24.365329947573038,dommage
2023-10-10 05:05:12.572402,legumes,0.558058688555547,34.698380079097475,saison
2023-10-09 05:05:12.572404,poisson,5.235538332447438,36.4126409272132,date_expiration
2023-10-08 05:05:12.572405,fruits,0.12431980387744128,34.93408914531829,date_expiration
2023-10-07 05:05:12.572406,fruits,5.449457846000236,7.5873213409979705,dommage
2023-10-06 05:05:12.572408,poisson,0.8665649586130768,15.67038383021238,date_expiration
2023-10-05 05:05:12.572409,legumes,0.21388092278387372,18.57706074543366,saison
2023-10-04 05:05:12.572410,viande,1.3305650977988233,40.41742317629574,dommage
2023-10-03 05:05:12.572411,fruits,0.5935171261563438,14.659233748313099,date_expiration
2023-10-02 05:05:12.572413,produits_laitiers,0.6705899851833239,11.324543229492955,surstock
2023-10-01 05:05:12.572414,produits_laitiers,0.7342875743225572,47.91495293286671,surstock
2023-09-30 05:05:12.572415,poisson,3.249366039930847,1.434300970559976,saison
2023-09-29 05:05:12.572417,legumes,1.5494142762765208,49.893221928416935,date_expiration
2023-09-28 05:05:12.572418,fruits,0.7459213915069051,34.16424364401239,saison
2023-09-27 05:05:12.572419,legumes,1.8849295219090247,41.594995673006736,dommage
2023-09-26 05:05:12.572421,fruits,2.5186234492962027,15.436350420963464,surstock
2023-09-25 05:05:12.572422,poisson,0.6366234844160921,1.7014486056859388,dommage
2023-09-24 05:05:12.572423,poisson,1.0673326679182042,37.155606409514974,date_expiration
2023-09-23 05:05:12.572424,produits_laitiers,0.2599579190428011,41.87308525303311,saison
2023-09-22 05:05:12.572425,legumes,0.39970713544427744,37.283330465722436,saison
2023-09-21 05:05:12.572426,produits_laitiers,2.2858673852523403,7.999664077741091,saison
2023-09-20 05:05:12.572428,legumes,0.4004131229672945,37.91796819059149,dommage
2023-09-19 05:05:12.572429,produits_laitiers,1.4895689994642,38.67721632327441,surstock
2023-09-18 05:05:12.572430,viande,2.469181998879371,33.26848526783269,dommage
2023-09-17 05:05:12.572434,viande,0.22606176704094086,38.539680706983724,dommage
2023-09-16 05:05:12.572436,viande,1.6754777451362937,42.450150544208874,date_expiration
2023-09-15 05:05:12.572437,viande,0.5929419201849683,31.06660159763546,date_expiration
2023-09-14 05:05:12.572438,fruits,6.589725943615852,5.341630984514274,date_expiration
2023-09-13 05:05:12.572440,viande,1.3215367426536142,24.89376267369333,surstock
2023-09-12 05:05:12.572441,poisson,3.2797174348707183,4.804817398908648,surstock
2023-09-11 05:05:12.572442,poisson,1.5980224999872223,20.969608520589112,date_expiration
2023-09-10 05:05:12.572443,fruits,0.08876609855973225,20.948217967155752,date_expiration
2023-09-09 05:05:12.572445,viande,2.0056119671487047,4.234482362871837,surstock
2023-09-08 05:05:12.572446,viande,6.048401040249465,18.092206164504486,saison
2023-09-07 05:05:12.572447,viande,1.840656845507649,6.438906840774427,surstock
2023-09-06 05:05:12.572448,produits_laitiers,3.4206044294154583,40.603525290451884,surstock
2023-09-05 05:05:12.572450,legumes,4.3118930603080665,47.43671327225907,surstock
2023-09-04 05:05:12.572451,produits_laitiers,0.5177481316730005,4.543507287638992,date_expiration
2023-09-03 05:05:12.572452,legumes,0.4766281883603115,47.80064515729337,saison
2023-09-02 05:05:12.572454,viande,1.8882541294190607,26.606253367500514,surstock
2023-09-01 05:05:12.572456,viande,1.0587548646671545,15.678718219739821,date_expiration
2023-08-31 05:05:12.572457,produits_laitiers,3.6634299643378476,4.766241688532012,dommage
2023-08-30 05:05:12.572459,produits_laitiers,4.605632707425712,25.530589135450473,dommage
2023-08-29 05:05:12.572460,legumes,0.8721209568470294,39.93126168004669,surstock
2023-08-28 05:05:12.572461,poisson,0.5406552292168861,35.64723738606821,dommage
2023-08-27 05:05:12.572462,legumes,3.0330385915848974,3.4610745617347143,saison
2023-08-26 05:05:12.572464,produits_laitiers,0.6426322454683315,4.572189933027272,dommage
2023-08-25 05:05:12.572465,produits_laitiers,3.45885785103807,20.740790848999218,dommage
2023-08-24 05:05:12.572466,fruits,1.1023866015108204,15.46923420834922,saison
2023-08-23 05:05:12.572467,produits_laitiers,2.2025310064107404,12.386831829746344,surstock
2023-08-22 05:05:12.572469,fruits,0.2008240345822516,14.769220446526965,surstock
2023-08-21 05:05:12.572470,poisson,1.9555841381307484,40.37065442154735,saison
2023-08-20 05:05:12.572471,legumes,1.20211227592557,46.53217462796084,saison
2023-08-19 05:05:12.572472,legumes,1.7667202081332096,20.850032031850755,saison
2023-08-18 05:05:12.572474,fruits,0.36787982984631584,45.39943910449236,dommage
2023-08-17 05:05:12.572475,legumes,2.6702426094970653,16.753289361146216,saison
2023-08-16 05:05:12.572476,produits_laitiers,3.9725885264237553,24.34541233084579,date_expiration
2023-08-15 05:05:12.572477,viande,0.48858065337707873,12.075420892983987,dommage
2023-08-14 05:05:12.572478,fruits,0.20122042252560193,32.383326066616355,surstock
2023-08-13 05:05:12.572480,legumes,0.04784491986314798,48.97007464356564,surstock
2023-08-12 05:05:12.572481,fruits,2.0542853760991746,30.571161706125555,surstock
2023-08-11 05:05:12.572482,fruits,1.868369946647836,18.532890121563895,dommage
2023-08-10 05:05:12.572484,viande,1.5823908267671314,32.743054853535895,date_expiration
2023-08-09 05:05:12.572485,produits_laitiers,0.5277933258825777,7.023113244803991,saison
2023-08-08 05:05:12.572486,fruits,0.9915653301304104,44.54429493300454,saison
2023-08-07 05:05:12.572488,legumes,1.805152095078644,25.65111358821198,surstock
2023-08-06 05:05:12.572489,poisson,1.3734034299838318,23.01813735994246,surstock
2023-08-05 05:05:12.572490,fruits,8.810266326762653,29.70737463422244,dommage
2023-08-04 05:05:12.572492,fruits,0.29338322523065463,31.61440927668072,date_expiration
2023-08-03 05:05:12.572493,viande,2.3758351248409273,4.517014505099138,saison
2023-08-02 05:05:12.572494,produits_laitiers,1.0360992016207988,34.44824383994672,dommage
2023-08-01 05:05:12.572495,poisson,1.1179306513034315,12.85465233546095,saison
2023-07-31 05:05:12.572496,legumes,2.528845722838106,35.9836789928229,surstock
2023-07-30 05:05:12.572498,poisson,2.358145150639629,41.30420492482564,saison
2023-07-29 05:05:12.572499,legumes,9.47877361572874,40.39396687007349,date_expiration
2023-07-28 05:05:12.572500,produits_laitiers,0.2748362482731662,28.072547402986565,date_expiration
2023-07-27 05:05:12.572501,legumes,0.21987450008131082,26.488324723226807,surstock
2023-07-26 05:05:12.572503,viande,2.5771655313470845,8.000922105631174,date_expiration
2023-07-25 05:05:12.572504,viande,1.7273345009359609,38.991961369753646,date_expiration
2023-07-24 05:05:12.572505,viande,0.6408531849000523,14.299059641889004,dommage
2023-07-23 05:05:12.572507,viande,0.16550137469559495,25.33807571807938,saison
2023-07-22 05:05:12.572508,poisson,0.17910174212781588,14.929430553448318,surstock
2023-07-21 05:05:12.572509,produits_laitiers,4.492237024931178,7.5575897869849635,surstock
2023-07-20 05:05:12.572510,legumes,0.42605806371992805,31.84832714769509,surstock
2023-07-19 05:05:12.572512,legumes,0.7812659858951616,3.6622697063222875,surstock
2023-07-18 05:05:12.572514,viande,0.5140636601912666,37.6836164721838,surstock
2023-07-17 05:05:12.572515,viande,0.8769984696208415,16.561752967794718,date_expiration
2023-07-16 05:05:12.572516,fruits,0.14390272146325966,1.0065999572197808,dommage
2023-07-15 05:05:12.572517,produits_laitiers,1.4640246440510696,26.04532782262426,surstock
2023-07-14 05:05:12.572519,poisson,0.14001369275488273,3.295743517852553,dommage
2023-07-13 05:05:12.572520,legumes,3.222444084318504,14.532308333224075,dommage
2023-07-12 05:05:12.572521,fruits,0.532394615368412,35.641847885330094,date_expiration
2023-07-11 05:05:12.572523,fruits,1.5531093822971893,4.071791459471427,surstock
2023-07-10 05:05:12.572524,legumes,4.241845632979484,42.12758612544411,date_expiration
2023-07-09 05:05:12.572525,poisson,2.104664080820528,1.1871762102705723,surstock
2023-07-08 05:05:12.572527,fruits,1.5226712651494634,13.09436959089321,date_expiration
2023-07-07 05:05:12.572528,fruits,0.7841120849682921,37.3042987514515,dommage
2023-07-06 05:05:12.572529,produits_laitiers,0.8099362024476936,16.497237336736035,surstock
2023-07-05 05:05:12.572530,poisson,2.2142183011394723,5.992727015234663,saison
2023-07-04 05:05:12.572532,fruits,10.278993349414609,18.651462021220965,dommage
2023-07-03 05:05:12.572533,poisson,2.1684674539304623,14.249271032841751,saison
2023-07-02 05:05:12.572535,legumes,1.6319110219359625,42.29288320586719,dommage
2023-07-01 05:05:12.572536,viande,2.6234910483856226,16.354047961672013,date_expiration
2023-06-30 05:05:12.572537,fruits,1.2517458559648178,39.657691117024356,surstock
2023-06-29 05:05:12.572538,produits_laitiers,0.1240536869664351,44.701735095726,dommage
2023-06-28 05:05:12.572540,legumes,1.652428520287922,22.257053559249947,date_expiration
2023-06-27 05:05:12.572541,poisson,6.32240685459067,45.58721404886521,surstock
2023-06-26 05:05:12.572542,legumes,0.38547832588140707,19.48858464419645,surstock
2023-06-25 05:05:12.572544,fruits,2.342397516936516,48.2398424080153,dommage
2023-06-24 05:05:12.572547,poisson,0.4486226874845159,5.375186701753074,surstock
2023-06-23 05:05:12.572549,viande,1.534998852052893,34.66394405865889,dommage
2023-06-22 05:05:12.572550,legumes,0.20334896740472178,25.196887982389505,surstock
2023-06-21 05:05:12.572552,fruits,1.1970233156917613,19.994791467326706,saison
2023-06-20 05:05:12.572553,produits_laitiers,2.8225133170849133,32.00288205868144,date_expiration
2023-06-19 05:05:12.572555,poisson,0.8541075229709083,35.48899749008223,saison
2023-06-18 05:05:12.572556,legumes,2.186722545752177,1.2138002128651453,dommage
2023-06-17 05:05:12.572557,legumes,3.1738852858327005,9.180701348612738,saison
2023-06-16 05:05:12.572559,viande,5.239469385408418,35.939256481081614,dommage
2023-06-15 05:05:12.572560,viande,0.5348233754311112,33.65288526533212,surstock
2023-06-14 05:05:12.572561,produits_laitiers,1.0193722658290696,48.336327751305184,surstock
2023-06-13 05:05:12.572563,produits_laitiers,0.3307306906448056,38.290851722288366,dommage
2023-06-12 05:05:12.572564,fruits,9.78130992409611,47.58786267883556,saison
2023-06-11 05:05:12.572565,fruits,5.234618194317145,35.42448457520554,surstock
2023-06-10 05:05:12.572567,produits_laitiers,1.5528711975982454,15.604558223332715,date_expiration
2023-06-09 05:05:12.572568,produits_laitiers,3.6907419841239433,6.162881190291968,surstock
2023-06-08 05:05:12.572569,poisson,1.4719339105965725,39.309369303901846,date_expiration
2023-06-07 05:05:12.572570,viande,1.9541296972434616,32.563311852319885,saison
2023-06-06 05:05:12.572572,fruits,0.1866979590860436,3.3611146072715155,date_expiration
2023-06-05 05:05:12.572573,viande,2.8152028703114778,18.642472829147938,date_expiration
2023-06-04 05:05:12.572574,viande,0.27327467045781423,47.88319095873002,date_expiration
2023-06-03 05:05:12.572576,produits_laitiers,3.4981774698706785,25.51965613979986,date_expiration
2023-06-02 05:05:12.572577,poisson,3.0467781340373303,22.203727664965527,surstock
2023-06-01 05:05:12.572578,legumes,2.467110138187218,23.427280652805404,date_expiration
2023-05-31 05:05:12.572580,poisson,0.07366073610310624,11.235253476253023,surstock
2023-05-30 05:05:12.572581,poisson,0.7223080801031003,19.066651372374967,date_expiration
2023-05-29 05:05:12.572582,viande,0.610640278358255,19.120849543371655,dommage
2023-05-28 05:05:12.572584,poisson,0.893000524039034,3.5653959891861478,saison
2023-05-27 05:05:12.572585,fruits,0.18344728114475525,38.61081379737799,date_expiration
2023-05-26 05:05:12.572587,viande,5.527902601784148,21.40871716329007,dommage
2023-05-25 05:05:12.572588,fruits,1.613986037526363,41.28681445400474,date_expiration
2023-05-24 05:05:12.572591,legumes,0.7291962438952043,42.66705205487487,date_expiration
2023-05-23 05:05:12.572592,viande,1.0116148622131982,11.387708680234246,date_expiration
2023-05-22 05:05:12.572594,legumes,1.1855272044852605,33.2103206263363,dommage
2023-05-21 05:05:12.572595,viande,1.835555340441584,24.141808403986104,saison
2023-05-20 05:05:12.572596,produits_laitiers,1.4500165040908792,44.12768015815277,dommage
2023-05-19 05:05:12.572598,poisson,5.036314093035293,11.571293279646252,saison
2023-05-18 05:05:12.572599,produits_laitiers,1.374185025841579,34.212846815192165,date_expiration
2023-05-17 05:05:12.572600,legumes,9.69652653072047,30.779853990383405,surstock
2023-05-16 05:05:12.572601,poisson,3.8133302266565607,15.469772401019807,date_expiration
2023-05-15 05:05:12.572603,viande,0.46767736767886375,7.693444278907458,saison
2023-05-14 05:05:12.572604,poisson,5.335598921177708,32.93034826338655,dommage
2023-05-13 05:05:12.572605,fruits,0.2474255590198859,37.191275448484205,date_expiration
2023-05-12 05:05:12.572606,poisson,3.4014591480214516,16.465739844404148,dommage
2023-05-11 05:05:12.572608,fruits,0.9580832373341943,32.59679759709337,dommage
2023-05-10 05:05:12.572609,poisson,4.207047536486472,20.36141447296366,dommage
2023-05-09 05:05:12.572610,fruits,4.0507658383112535,35.94713728084827,date_expiration
2023-05-08 05:05:12.572611,legumes,3.279025316714895,10.761548469808602,dommage
2023-05-07 05:05:12.572613,produits_laitiers,3.121585387128522,44.620535129172545,dommage
2023-05-06 05:05:12.572614,viande,0.7267637391835735,15.083070226813406,date_expiration
2023-05-05 05:05:12.572615,poisson,0.16876265840149893,19.021513400051493,dommage
2023-05-04 05:05:12.572616,produits_laitiers,1.0316099294845993,3.8465056519371394,date_expiration
2023-05-03 05:05:12.572618,viande,0.3811700467333151,6.464098403742543,saison
2023-05-02 05:05:12.572619,viande,2.374566301954948,26.277233232904077,saison
2023-05-01 05:05:12.572620,fruits,0.8496008524262127,14.112041159670603,saison
2023-04-30 05:05:12.572622,legumes,7.427180604254166,41.93853106136753,dommage
2023-04-29 05:05:12.572623,legumes,2.0487102290722485,1.7199760440927383,surstock
2023-04-28 05:05:12.572624,produits_laitiers,3.4573503508198753,19.575608384924873,surstock
2023-04-27 05:05:12.572625,legumes,0.2843364175331189,17.52993179168554,dommage
2023-04-26 05:05:12.572627,poisson,3.961213086672902,1.9470539149624506,surstock
2023-04-25 05:05:12.572628,legumes,5.121602897232266,7.094051551025001,date_expiration
2023-04-24 05:05:12.572629,produits_laitiers,1.3352002810964987,21.268491071013127,surstock
2023-04-23 05:05:12.572631,legumes,1.8640930996499812,25.150364637924884,dommage
2023-04-22 05:05:12.572632,poisson,2.8947214686636755,20.810197615488587,dommage
2023-04-21 05:05:12.572633,fruits,0.38435261690915856,27.015946242192598,date_expiration
2023-04-20 05:05:12.572634,produits_laitiers,1.396585096432789,30.161452070378395,saison
2023-04-19 05:05:12.572649,fruits,1.0171996313391356,1.4862672352639459,dommage
2023-04-18 05:05:12.572651,fruits,0.31652422209052206,23.74066281322169,date_expiration
2023-04-17 05:05:12.572652,fruits,0.916258964913463,48.21146280349183,surstock
2023-04-16 05:05:12.572653,viande,0.14121472540822042,26.432581726347887,surstock
2023-04-15 05:05:12.572655,viande,0.05230175993762529,34.19957110548871,date_expiration
2023-04-14 05:05:12.572656,fruits,0.2904360646571272,16.28132903792728,date_expiration
2023-04-13 05:05:12.572657,produits_laitiers,6.599906679954215,38.925577529485366,dommage
2023-04-12 05:05:12.572658,poisson,1.5949255331162457,38.87315261192964,surstock
2023-04-11 05:05:12.572660,poisson,6.7523556637682125,26.543506335052808,date_expiration
2023-04-10 05:05:12.572661,legumes,1.1330215820164997,48.82467734068147,surstock
2023-04-09 05:05:12.572662,produits_laitiers,0.7473984566614081,7.151960523370016,date_expiration
2023-04-08 05:05:12.572663,viande,1.4110139495545995,1.8304355795894687,surstock
2023-04-07 05:05:12.572664,fruits,1.1578937812530967,38.7377523760977,saison
2023-04-06 05:05:12.572666,legumes,0.22334900119678386,40.550621330879245,dommage
2023-04-05 05:05:12.572667,poisson,2.0478984087949854,6.890154226908236,surstock
2023-04-04 05:05:12.572668,viande,0.4867899239966613,14.013558814971697,saison
2023-04-03 05:05:12.572669,viande,1.9330005690115275,1.8600658049648167,surstock
2023-04-02 05:05:12.572670,fruits,2.1007936786492394,15.37212192824767,surstock
2023-04-01 05:05:12.572672,poisson,0.32980790310889285,38.88395182201491,saison
2023-03-31 05:05:12.572673,produits_laitiers,0.12662441790106277,26.380065857916367,surstock
2023-03-30 05:05:12.572677,viande,3.0351909864478603,18.056684065246117,surstock
2023-03-29 05:05:12.572679,fruits,1.2316332441827726,19.215225450410184,dommage
2023-03-28 05:05:12.572680,produits_laitiers,0.11984780020763171,1.0663276600579397,saison
2023-03-27 05:05:12.572681,poisson,10.54386395347333,15.690225850696558,saison
2023-03-26 05:05:12.572683,viande,0.11903416284884737,32.6764783402586,date_expiration
2023-03-25 05:05:12.572684,produits_laitiers,2.3751180270003025,48.7355277470015,surstock
2023-03-24 05:05:12.572685,produits_laitiers,8.230596155313906,42.505980522211075,dommage
2023-03-23 05:05:12.572686,produits_laitiers,0.546717233914294,2.156153267630927,surstock
2023-03-22 05:05:12.572687,viande,0.3068837224671699,45.02946962906713,surstock
2023-03-21 05:05:12.572689,viande,0.2588168120480187,39.37672225163267,date_expiration
2023-03-20 05:05:12.572690,legumes,0.7227294118822196,39.23843005497804,surstock
2023-03-19 05:05:12.572691,poisson,0.21304640710312298,23.441792191175004,dommage
2023-03-18 05:05:12.572692,fruits,2.3563589398563667,20.502259354770636,dommage
2023-03-17 05:05:12.572693,produits_laitiers,0.12863292759905418,15.84287071282644,date_expiration
2023-03-16 05:05:12.572695,legumes,1.4243425048692737,4.219048088763923,surstock
2023-03-15 05:05:12.572696,fruits,11.42575977359987,12.183532811191256,dommage
2023-03-14 05:05:12.572697,legumes,3.363697553353431,13.083578113923206,surstock
2023-03-13 05:05:12.572698,viande,1.9101641532397473,24.719776415799878,surstock
2023-03-12 05:05:12.572699,produits_laitiers,0.7312976661739705,37.624775923238005,surstock
2023-03-11 05:05:12.572701,fruits,1.9557782856380472,24.216681591499384,date_expiration
2023-03-10 05:05:12.572702,fruits,1.4974951117590685,3.8343780229108697,surstock
2023-03-09 05:05:12.572703,fruits,1.1105423226333915,47.93170024842199,dommage
2023-03-08 05:05:12.572704,fruits,0.28015785172069024,47.1934916356115,surstock
2023-03-07 05:05:12.572706,fruits,4.353742119624095,39.47428761427201,dommage
2023-03-06 05:05:12.572707,legumes,1.1948910595855644,49.575067176646805,surstock
2023-03-05 05:05:12.572708,produits_laitiers,0.43288836412282716,27.679634307212883,dommage
2023-03-04 05:05:12.572709,viande,0.9169703667658705,48.1756491624071,dommage
2023-03-03 05:05:12.572711,viande,1.069313869240268,4.7046469902207875,surstock
2023-03-02 05:05:12.572712,viande,3.5151555021810665,18.918356664807195,surstock
2023-03-01 05:05:12.572713,viande,2.6456206457185565,12.043682132331526,dommage
2023-02-28 05:05:12.572714,legumes,2.9333166523403835,10.595821122579231,saison
2023-02-27 05:05:12.572715,poisson,0.022185120043067726,7.899344495741128,date_expiration
2023-02-26 05:05:12.572717,produits_laitiers,1.0762360528819508,31.498268436733838,saison
2023-02-25 05:05:12.572718,fruits,1.3130294420763213,39.28477093161795,saison
2023-02-24 05:05:12.572719,poisson,0.0387576789328926,29.33662157159767,surstock
2023-02-23 05:05:12.572721,viande,0.6017054080436526,8.201172769822275,date_expiration
2023-02-22 05:05:12.572722,poisson,2.856649363428756,40.745064726740075,saison
2023-02-21 05:05:12.572723,produits_laitiers,0.29493543466777855,32.161780651022696,surstock
2023-02-20 05:05:12.572725,fruits,1.5327700905297164,20.02011960022278,saison
2023-02-19 05:05:12.572726,fruits,0.48465751215378755,34.03238448126709,saison
2023-02-18 05:05:12.572727,produits_laitiers,0.02438966049755524,13.73534398289881,surstock
2023-02-17 05:05:12.572729,produits_laitiers,0.5520379237005987,17.914418216216315,surstock
2023-02-16 05:05:12.572730,viande,7.448910046285756,45.956806313467524,surstock
2023-02-15 05:05:12.572731,fruits,3.2343063159230945,15.234720777899598,date_expiration
2023-02-14 05:05:12.572732,poisson,6.416695100382467,24.029425139738894,saison
2023-02-13 05:05:12.572733,legumes,1.338291248222336,44.61691573240472,surstock
2023-02-12 05:05:12.572735,legumes,0.232474908390385,35.67834616310885,dommage
2023-02-11 05:05:12.572736,produits_laitiers,1.587966954003389,4.047958082070435,saison
2023-02-10 05:05:12.572737,viande,1.211655262173857,8.217849169669547,dommage
2023-02-09 05:05:12.572738,legumes,3.7203817747996184,1.384237947823924,date_expiration
2023-02-08 05:05:12.572739,fruits,0.20646463217324765,31.915167721229007,surstock
2023-02-07 05:05:12.572741,produits_laitiers,1.3398034712596925,22.9359978451105,dommage
2023-02-06 05:05:12.572742,poisson,0.3251523674358489,7.579467694211501,date_expiration
2023-02-05 05:05:12.572743,produits_laitiers,0.7851251900274089,47.93877193178175,surstock
2023-02-04 05:05:12.572744,poisson,2.6739197560495818,26.953326473335373,dommage
2023-02-03 05:05:12.572746,produits_laitiers,1.2925963865832355,12.85277141153157,dommage
2023-02-02 05:05:12.572747,produits_laitiers,0.9428517928431852,25.52957498658067,date_expiration
2023-02-01 05:05:12.572769,produits_laitiers,1.0033230803171564,34.30139630402028,surstock
2023-01-31 05:05:12.572771,poisson,1.2303243218338464,4.73572168070466,surstock
2023-01-30 05:05:12.572772,poisson,3.074388403788928,14.460486937346708,dommage
2023-01-29 05:05:12.572773,produits_laitiers,4.452817032647493,40.541309053315686,dommage
2023-01-28 05:05:12.572775,legumes,6.2171161260445995,23.5235786497304,dommage
2023-01-27 05:05:12.572776,viande,3.0920192609113952,27.78227995958245,surstock
2023-01-26 05:05:12.572777,viande,0.7578612512081025,22.207984108263993,date_expiration
2023-01-25 05:05:12.572778,viande,2.330367869362041,3.151097189507251,date_expiration
2023-01-24 05:05:12.572780,poisson,1.1510949867297877,9.121739211187641,surstock
2023-01-23 05:05:12.572781,poisson,0.5878580804979554,22.831540298352653,saison
2023-01-22 05:05:12.572782,legumes,3.676087452381157,11.250087804988462,date_expiration
2023-01-21 05:05:12.572783,viande,0.07836823348751211,3.448972404324258,dommage
2023-01-20 05:05:12.572784,viande,4.640724186080744,42.33883353853936,saison
2023-01-19 05:05:12.572786,produits_laitiers,1.2378518696785592,49.07843392904167,saison
2023-01-18 05:05:12.572787,poisson,2.027815262669115,39.864000825840236,date_expiration
2023-01-17 05:05:12.572788,viande,2.1538224714325245,42.835461163528684,saison
2023-01-16 05:05:12.572789,legumes,4.509833796118041,12.856879385535223,saison
2023-01-15 05:05:12.572791,legumes,2.0248857840085424,48.070721800146785,date_expiration
2023-01-14 05:05:12.572792,viande,1.903491728221744,10.649359518217992,date_expiration
2023-01-13 05:05:12.572793,poisson,0.1379544015638108,47.620060707729785,saison
2023-01-12 05:05:12.572794,legumes,1.4613160839784363,49.7461454043316,dommage
2023-01-11 05:05:12.572795,produits_laitiers,0.325435547513243,35.874417481556385,surstock
2023-01-10 05:05:12.572797,legumes,2.67450383828549,49.07604285779927,saison
2023-01-09 05:05:12.572798,fruits,1.4357894646508567,28.90744919878808,saison
2023-01-08 05:05:12.572799,fruits,2.2802926933430165,13.717547375628426,dommage
2023-01-07 05:05:12.572801,poisson,0.0851322388327087,22.412798397615422,saison
2023-01-06 05:05:12.572803,viande,0.17720786933695706,30.08448583356051,saison
