date,category,quantity_sold,price,promotion,weather_effect
2023-01-01,Lait,61,4.7782143788446225,1,1.0394633936788147
2023-01-01,Pain,92,0.9498871211810129,0,0.9334834444556087
2023-01-01,Yaourt,33,3.428998128269838,0,1.08879950890673
2023-01-01,Fromage,39,1.4555259980522428,0,0.8733618039413735
2023-01-01,Fruits,85,3.252439222197264,0,0.8092249700165663
2023-01-01,Légumes,68,2.2993743727186495,0,1.1895022075365835
2023-01-02,Lait,24,2.552314928976662,1,0.8798695128633439
2023-01-02,Pain,64,4.924538986130547,0,1.1439761626945282
2023-01-02,Yaourt,16,1.2673585565928118,0,1.1795542149013332
2023-01-02,Fromage,69,3.0347969803049266,0,0.8063865008880857
2023-01-02,Fruits,11,3.579048619304706,0,0.8488152939379116
2023-01-02,Légumes,17,0.6547483450184828,1,0.9035119926400068
2023-01-03,Lait,13,1.9026998424023494,0,1.0186841117373118
2023-01-03,Pain,63,0.6409098160500136,1,0.9799016533479062
2023-01-03,Yaourt,83,4.526723076924419,0,1.1687496940092468
2023-01-03,Fromage,81,3.066997884824297,0,1.1844688097397396
2023-01-03,Fruits,94,2.249047803602669,0,1.1314950036607718
2023-01-03,Légumes,35,4.843648882688621,0,0.9103996728090173
2023-01-04,Lait,38,4.109886413393179,0,1.1947547746402067
2023-01-04,Pain,97,2.2769668317900638,0,0.8056319290860339
2023-01-04,Yaourt,90,3.7010387873689248,1,1.0423839899124046
2023-01-04,Fromage,50,4.617318539947013,1,0.9797802696552813
2023-01-04,Fruits,42,0.7860125762871064,0,0.9300733288106988
2023-01-04,Légumes,53,3.369008621098459,1,0.9888859700647797
2023-01-05,Lait,56,3.7096015425034774,1,1.0245108790277986
2023-01-05,Pain,23,2.7220801836397586,0,0.9710164073434199
2023-01-05,Yaourt,51,2.4770142583959656,0,1.1583054382694078
2023-01-05,Fromage,61,3.0347400738937265,0,0.8557325817623503
2023-01-05,Fruits,24,3.899980123443719,0,0.8307919639315172
2023-01-05,Légumes,68,3.6265321986786705,1,1.0497416192535174
2023-01-06,Lait,71,3.3503169042969057,1,1.1214688307596457
2023-01-06,Pain,53,2.374294765416648,1,0.9297380084021096
2023-01-06,Yaourt,98,1.9310156373733873,0,0.8911740650167767
2023-01-06,Fromage,71,0.5023416964789211,0,0.9219125032632116
2023-01-06,Fruits,79,2.798362861599046,0,0.8888431241882921
2023-01-06,Légumes,60,1.7123555020933465,0,0.8673164168691723
2023-01-07,Lait,41,2.8345577978451475,1,0.9454518409517176
2023-01-07,Pain,67,4.8310128272395,0,0.9988994023569542
2023-01-07,Yaourt,65,0.6659912630953976,0,1.0010716092915446
2023-01-07,Fromage,63,0.6487282980524678,0,1.0537405378805456
2023-01-07,Fruits,11,2.8892056249271136,0,1.0211572356285312
2023-01-07,Légumes,77,0.8638399684972187,0,0.8968639753109704
2023-01-08,Lait,47,2.1550240972366392,0,1.0534118843043578
2023-01-08,Pain,20,4.1739434294872275,1,0.8602870175861719
2023-01-08,Yaourt,68,1.339333296799344,0,1.0363571772752966
2023-01-08,Fromage,68,1.4910847140449675,1,1.123800418455886
2023-01-08,Fruits,29,3.403277556842524,0,1.0763750952409863
2023-01-08,Légumes,48,4.715284949315305,0,0.9364265404201034
2023-01-09,Lait,98,1.4408222933197115,0,1.0783137597380328
2023-01-09,Pain,16,3.4699282071538056,1,1.022080324639785
2023-01-09,Yaourt,69,1.6737312867368406,1,1.1861677405155175
2023-01-09,Fromage,78,4.551881257234987,0,0.9356119164194803
2023-01-09,Fruits,28,3.766800554916077,1,1.154834569706047
2023-01-09,Légumes,42,3.389142407694295,0,0.8646514856378456
2023-01-10,Lait,47,3.510447146214029,0,0.9489131066246972
2023-01-10,Pain,98,3.485757960986251,0,0.8643232205669995
2023-01-10,Yaourt,91,2.68526189113802,0,1.1977829850443282
2023-01-10,Fromage,42,0.5813391362698439,0,0.8715290836885315
2023-01-10,Fruits,17,4.3215053472238,0,1.0273234413341887
2023-01-10,Légumes,85,2.78966334577442,0,0.9001847274422337
2023-01-11,Lait,39,4.878547496386005,0,1.1568186220708454
2023-01-11,Pain,36,2.454774644796929,0,1.058041344812226
2023-01-11,Yaourt,73,4.388754042823564,0,0.999677351953901
2023-01-11,Fromage,13,0.6094218489415423,0,0.8708442717628196
2023-01-11,Fruits,39,4.792678596511643,1,0.9480634801021778
2023-01-11,Légumes,46,4.677433531644764,0,1.1866619276174677
2023-01-12,Lait,69,4.338542549603121,0,0.9540390914407701
2023-01-12,Pain,96,1.7081368560057058,0,0.9490747468376197
2023-01-12,Yaourt,63,3.6321340850373787,0,0.8388705975083075
2023-01-12,Fromage,41,3.520145825708228,0,0.9016654596278956
2023-01-12,Fruits,11,1.9514784390737023,1,0.8546485325768116
2023-01-12,Légumes,57,2.987689896085585,0,0.9679123425785106
2023-01-13,Lait,59,4.401825433610467,1,1.0045369595443752
2023-01-13,Pain,66,3.325524867268862,0,0.8283763667999711
2023-01-13,Yaourt,25,0.7284583896772863,1,0.8110467087494819
2023-01-13,Fromage,75,2.473133553581391,0,0.9312610669898927
2023-01-13,Fruits,67,2.9419008561840947,0,1.0363333042276044
2023-01-13,Légumes,95,1.6261311223213881,0,0.9213062058692891
2023-01-14,Lait,69,1.969930588082184,1,0.9086171663278968
2023-01-14,Pain,14,2.5576932272617783,1,0.8777520135979493
2023-01-14,Yaourt,56,3.6478049484523725,0,0.8530981688971879
2023-01-14,Fromage,39,0.684803825455441,0,0.9734082950322969
2023-01-14,Fruits,67,0.8530537160401968,0,1.1850593658711701
2023-01-14,Légumes,32,2.427415137230485,0,0.8232774382033775
2023-01-15,Lait,10,2.49058503378997,0,0.8375493160325167
2023-01-15,Pain,98,3.4708881952297905,0,1.1819461122652775
2023-01-15,Yaourt,73,2.994593236301303,0,0.967840024971116
2023-01-15,Fromage,85,3.047167447223343,0,0.848065859122257
2023-01-15,Fruits,38,1.0223268822811231,0,0.816291520927588
2023-01-15,Légumes,71,3.6664603672101066,0,0.8391336642604006
2023-01-16,Lait,57,4.131108396728507,0,0.9858695251758446
2023-01-16,Pain,32,0.7162651588866518,1,1.154672154919219
2023-01-16,Yaourt,61,2.1857567658191206,0,1.001254503432035
2023-01-16,Fromage,10,2.9271985178002815,0,1.0463404657559656
2023-01-16,Fruits,89,3.39088675192842,0,1.0343102325093854
2023-01-16,Légumes,93,3.0896338004414554,0,1.0573152873769414
2023-01-17,Lait,42,4.150418795312014,1,1.050375868040629
2023-01-17,Pain,74,4.825357537207614,1,0.8783164539157187
2023-01-17,Yaourt,22,1.4656510386876835,0,0.8155852529240935
2023-01-17,Fromage,44,2.014493966999269,0,0.954158648386226
2023-01-17,Fruits,83,0.6047237108112165,1,0.91274190990936
2023-01-17,Légumes,77,3.6180066141137273,0,1.174659260742283
2023-01-18,Lait,45,2.380757142720104,1,1.019188753299235
2023-01-18,Pain,82,3.0583412768748124,0,1.092659102119856
2023-01-18,Yaourt,45,2.1740813860675243,1,0.9363214161012071
2023-01-18,Fromage,71,3.0284001146469812,0,1.0719379119600982
2023-01-18,Fruits,32,3.8954429333810707,0,1.1610211626718265
2023-01-18,Légumes,71,2.7345253580738498,0,0.9190540698037244
2023-01-19,Lait,28,2.251407554303734,0,1.1621527905677054
2023-01-19,Pain,85,2.097073357082243,1,1.0707079617697213
2023-01-19,Yaourt,61,3.0804704965547876,0,0.9793782087913279
2023-01-19,Fromage,21,1.978990454164622,0,1.100949811775072
2023-01-19,Fruits,32,4.015832227120411,0,1.172371642274917
2023-01-19,Légumes,67,0.7590144200748993,0,0.9766122005493508
2023-01-20,Lait,96,2.95662096574245,1,1.187460777589654
2023-01-20,Pain,18,3.926797842728625,0,0.8404490704491161
2023-01-20,Yaourt,16,2.417411637711235,0,0.9586606407817008
2023-01-20,Fromage,36,3.6780900222042328,0,0.8339350856340768
2023-01-20,Fruits,92,3.1158743775205204,1,1.1521439874553667
2023-01-20,Légumes,26,4.762618598227364,1,1.1013512741035767
2023-01-21,Lait,79,3.6868153801243992,0,0.9511950360489018
2023-01-21,Pain,48,2.408999041611393,1,0.8444789929224605
2023-01-21,Yaourt,76,1.6415697824291242,0,1.0285892100820042
2023-01-21,Fromage,29,1.0346806232063237,0,1.0596841208464254
2023-01-21,Fruits,10,3.5646774219360906,0,0.9600891571488099
2023-01-21,Légumes,34,4.408696076852571,0,1.1852890157762443
2023-01-22,Lait,53,4.900553009394219,0,0.9290745553110334
2023-01-22,Pain,89,2.874654990888349,1,0.8295186258941596
2023-01-22,Yaourt,28,4.861861410285945,0,1.051759455254105
2023-01-22,Fromage,23,1.8252227607774345,1,1.0787700223455259
2023-01-22,Fruits,12,4.5552110472094505,0,0.9123852758368921
2023-01-22,Légumes,25,4.506187027509124,0,1.0480530391206146
2023-01-23,Lait,17,1.2635595675300448,0,0.9553073535959489
2023-01-23,Pain,69,3.1264525033289243,0,1.1897579230664665
2023-01-23,Yaourt,73,2.5395838107297397,0,0.9119054028675783
2023-01-23,Fromage,93,3.212518469104843,0,0.8532740500895
2023-01-23,Fruits,44,4.201417593154261,1,1.090287803355344
2023-01-23,Légumes,56,4.636294483260018,0,1.150664594370317
2023-01-24,Lait,14,0.6186513852376341,0,1.1242213323127332
2023-01-24,Pain,58,2.195325364720733,1,0.9571957795915437
2023-01-24,Yaourt,68,4.289535154110689,1,0.9874772639179881
2023-01-24,Fromage,10,0.5615238417214878,0,1.0766857588675647
2023-01-24,Fruits,78,4.998729529787588,1,1.022172682241051
2023-01-24,Légumes,62,4.751445784470926,1,0.898939240697279
2023-01-25,Lait,87,1.422703978279362,0,0.9098927188103635
2023-01-25,Pain,13,1.5288926247655823,0,1.0472512961831584
2023-01-25,Yaourt,81,0.5998313391363573,0,0.9904842787156056
2023-01-25,Fromage,12,2.84073575500397,1,1.0207627355097941
2023-01-25,Fruits,14,0.8978370051454097,1,1.0359823588550545
2023-01-25,Légumes,56,2.392411003992838,1,1.055744542789697
2023-01-26,Lait,84,1.4583387267900982,0,0.8058178662671528
2023-01-26,Pain,47,3.2363953229384834,0,1.0219262434168903
2023-01-26,Yaourt,60,4.5687141252218675,0,1.0055957956639243
2023-01-26,Fromage,97,4.597120752814728,0,1.0094409104060045
2023-01-26,Fruits,90,4.77284280645939,0,1.1706350500645977
2023-01-26,Légumes,83,3.9601298359192887,0,0.8183445065618532
2023-01-27,Lait,15,2.7167814229679133,0,1.0533603417266904
2023-01-27,Pain,84,0.8413849764889876,0,0.851218335583109
2023-01-27,Yaourt,84,1.1247222769223457,0,0.8727520337596579
2023-01-27,Fromage,65,2.352475464608877,1,1.0060944219456844
2023-01-27,Fruits,41,1.2754394204073343,0,0.8163474465065916
2023-01-27,Légumes,14,2.0528718252007403,0,0.8127218725940661
2023-01-28,Lait,79,1.0428614199527035,0,0.8825334873623171
2023-01-28,Pain,43,1.0793677923483975,0,0.9286331058720116
2023-01-28,Yaourt,35,4.097346795090692,0,0.8327036127795489
2023-01-28,Fromage,72,2.1977868435893266,0,1.1473204428142347
2023-01-28,Fruits,17,3.867168606726463,0,0.8837397293346841
2023-01-28,Légumes,65,2.680353433359596,0,0.947565455827909
2023-01-29,Lait,97,3.742322276261592,0,0.8590956367624907
2023-01-29,Pain,16,3.59224477431499,1,1.0998464928034348
2023-01-29,Yaourt,27,2.513355650705546,0,0.8969882014538919
2023-01-29,Fromage,98,3.818323427422186,0,1.0255860368075345
2023-01-29,Fruits,26,1.4515160314844509,0,0.8479048527277006
2023-01-29,Légumes,26,2.0431708892521714,0,0.9420417213117219
2023-01-30,Lait,27,0.8911412963934067,0,1.0347364472083516
2023-01-30,Pain,17,3.139409455973416,0,0.9515090503805157
2023-01-30,Yaourt,15,4.548413287152555,0,0.8977412621858618
2023-01-30,Fromage,68,4.939318619568408,0,0.8948907166943978
2023-01-30,Fruits,31,1.513997589706377,0,0.9951239203234952
2023-01-30,Légumes,84,0.8954943104306474,1,0.8222613957427902
2023-01-31,Lait,18,0.8610518554773899,0,0.9641587307958646
2023-01-31,Pain,45,4.987649906457775,1,1.030399367122264
2023-01-31,Yaourt,84,4.394782066522911,1,0.903161130817976
2023-01-31,Fromage,60,4.193876629190086,1,1.0140146928179643
2023-01-31,Fruits,35,1.7599059214712787,1,0.8748174994230093
2023-01-31,Légumes,77,2.4144639737738753,0,0.8969638929660321
2023-02-01,Lait,56,3.6825354304,1,0.8349160718358702
2023-02-01,Pain,20,4.694064540156203,0,1.0375532390231594
2023-02-01,Yaourt,15,2.0147192518726427,0,0.8253499881891071
2023-02-01,Fromage,53,1.4077870804860613,0,0.8351472444970628
2023-02-01,Fruits,72,3.566762250007682,1,1.0382554962431376
2023-02-01,Légumes,33,3.227458464751274,1,0.8426797000453745
2023-02-02,Lait,78,4.237787335044781,1,0.8497188893942179
2023-02-02,Pain,84,4.72253205569467,0,0.826598506946711
2023-02-02,Yaourt,49,3.7471844783807473,0,1.112605792700566
2023-02-02,Fromage,20,4.078702903369505,0,0.8654623771462818
2023-02-02,Fruits,94,1.3388224405466485,0,1.0535034254880709
2023-02-02,Légumes,71,2.114737178555761,1,0.9569780429690542
2023-02-03,Lait,49,2.5337687058456764,1,1.1598669781168693
2023-02-03,Pain,47,2.9290147786158487,0,1.0309945083624503
2023-02-03,Yaourt,26,4.548085579735558,0,1.0174211444455954
2023-02-03,Fromage,60,2.94282189776034,0,0.9331263143649937
2023-02-03,Fruits,60,2.0070752659568876,0,1.1176100757081184
2023-02-03,Légumes,38,2.7294063188178455,1,1.0292603397029554
2023-02-04,Lait,38,1.1825369587973804,0,0.8993956559257863
2023-02-04,Pain,64,1.1440759349681133,0,1.0856256328894456
2023-02-04,Yaourt,14,4.445445365427872,0,1.1285029218688052
2023-02-04,Fromage,40,2.204697045006121,0,1.041583148829005
2023-02-04,Fruits,24,4.087829146007991,0,0.8917005580930566
2023-02-04,Légumes,85,3.973468912692103,0,1.0393770804820908
2023-02-05,Lait,45,2.942259995064183,0,0.9382783974015678
2023-02-05,Pain,20,4.815836575538125,0,0.8909403932119948
2023-02-05,Yaourt,32,2.5790261163985972,1,0.8613405612464321
2023-02-05,Fromage,22,1.1260228736437785,0,0.9024062127414649
2023-02-05,Fruits,69,3.168333073664697,0,1.1675002089042985
2023-02-05,Légumes,14,4.651247215297831,1,0.8610156171657046
2023-02-06,Lait,40,3.2302177087228516,0,1.094577694249889
2023-02-06,Pain,49,4.281978343911903,1,0.8491243127382936
2023-02-06,Yaourt,30,1.2448422966528039,0,1.1349963156009968
2023-02-06,Fromage,10,4.414533629279577,0,1.0365101742979717
2023-02-06,Fruits,30,2.20687564273497,1,0.882231923350255
2023-02-06,Légumes,66,0.5208441035207129,0,0.9592674774363773
2023-02-07,Lait,34,4.385831632758306,1,0.9862800489275253
2023-02-07,Pain,43,4.633046262226856,0,0.8131386680973753
2023-02-07,Yaourt,60,1.6170189924071834,0,0.8662053269711896
2023-02-07,Fromage,97,1.9016292700974082,1,0.9110348690517672
2023-02-07,Fruits,35,0.5589250546475013,0,0.8712143867479006
2023-02-07,Légumes,93,2.5654504460765586,0,1.1442528071562936
2023-02-08,Lait,72,4.985934133306763,0,1.0381540069280175
2023-02-08,Pain,22,2.2879315195591907,0,1.1199128088297077
2023-02-08,Yaourt,71,1.4231283821690321,0,0.814619867139238
2023-02-08,Fromage,39,4.264541659815498,0,0.9176178716883886
2023-02-08,Fruits,56,2.874414785651536,0,0.9924351793550343
2023-02-08,Légumes,47,3.944103264798083,0,0.9337451245241929
2023-02-09,Lait,64,4.757519579601348,0,0.9082978692574215
2023-02-09,Pain,43,2.339303769941434,0,0.8624610389464762
2023-02-09,Yaourt,59,4.401471920051856,0,1.020689038103736
2023-02-09,Fromage,76,1.5398365846463213,0,0.8078842151017457
2023-02-09,Fruits,63,2.0267206065328596,0,1.1549841930054012
2023-02-09,Légumes,17,0.9474862674170532,0,1.0889067727422637
2023-02-10,Lait,55,4.235989390551462,0,1.0672340546282584
2023-02-10,Pain,94,2.328765387230849,0,0.8347700059801397
2023-02-10,Yaourt,83,0.8847883888451064,0,0.8106128815495279
2023-02-10,Fromage,28,3.1236870243636146,0,1.15706868443079
2023-02-10,Fruits,56,3.31142571969463,0,1.130042932569064
2023-02-10,Légumes,76,3.156327241316635,0,1.0496595631396537
2023-02-11,Lait,47,3.982255354406031,0,1.1444272079898887
2023-02-11,Pain,95,4.008914486546138,0,1.0263106479866242
2023-02-11,Yaourt,68,4.525485021023411,1,0.9700854017876934
2023-02-11,Fromage,90,1.7090481172322574,0,1.053391287930459
2023-02-11,Fruits,82,1.1271023333277086,1,1.1937608722814208
2023-02-11,Légumes,67,4.552575355563736,0,1.0732735425781925
2023-02-12,Lait,79,4.614344629522246,0,1.0306065902057013
2023-02-12,Pain,47,0.8022892996206954,0,0.9989859575919562
2023-02-12,Yaourt,85,1.4288957229227144,0,0.854754252027523
2023-02-12,Fromage,66,1.6992427701689699,1,0.9002922642246391
2023-02-12,Fruits,62,1.2891707538055233,1,0.9675082099568293
2023-02-12,Légumes,71,2.835129673772769,0,0.8665133475024318
2023-02-13,Lait,74,0.8725940056630691,0,0.8981396438725284
2023-02-13,Pain,30,4.266855458163632,0,1.1662054709167655
2023-02-13,Yaourt,68,1.8370477203042876,0,0.9904201608796399
2023-02-13,Fromage,33,4.715733826961411,1,0.8859761514363027
2023-02-13,Fruits,45,2.9292925050868703,0,1.1366118641240173
2023-02-13,Légumes,90,2.7336481124055636,0,0.9336975563267843
2023-02-14,Lait,35,2.6340678891516633,0,0.9406160644536875
2023-02-14,Pain,10,2.729710922927893,0,0.9739309354414984
2023-02-14,Yaourt,48,0.8417003466632994,0,0.8009357562503113
2023-02-14,Fromage,60,1.724653117534832,0,0.9443895587760107
2023-02-14,Fruits,53,4.133436133175426,1,1.1160054235167425
2023-02-14,Légumes,66,2.507025978310801,0,1.0167603789513433
2023-02-15,Lait,97,3.912765862755567,0,1.10361433821554
2023-02-15,Pain,89,4.321380432043936,0,0.9957699854572561
2023-02-15,Yaourt,24,3.6192884515561614,0,1.0679669858200156
2023-02-15,Fromage,41,3.675088276320598,1,0.8722301380509334
2023-02-15,Fruits,94,2.629445531366,0,0.8482090315145858
2023-02-15,Légumes,16,1.8380705331764784,1,1.188423298066147
2023-02-16,Lait,96,4.079038270815938,1,0.82195304585859
2023-02-16,Pain,27,2.8509555923202603,0,1.0600669401772913
2023-02-16,Yaourt,33,1.5350397677946637,0,0.8307812806516837
2023-02-16,Fromage,46,2.886193096857051,0,0.9617941798727403
2023-02-16,Fruits,48,1.9188065202377464,0,1.1162892659355854
2023-02-16,Légumes,34,3.8203509510793623,0,0.9707268226619458
2023-02-17,Lait,75,0.6098035170044211,1,0.8085077643401549
2023-02-17,Pain,22,2.8802171031224537,1,1.1195132943094661
2023-02-17,Yaourt,48,0.5426844513282414,0,0.8354173642454473
2023-02-17,Fromage,71,2.6594402913675896,0,1.1494708456745355
2023-02-17,Fruits,19,0.9126470080014356,0,1.0090076766538092
2023-02-17,Légumes,74,1.5744971559573604,0,0.9418488630563107
2023-02-18,Lait,39,4.337698197613556,1,1.035643413788358
2023-02-18,Pain,57,0.5804327063003621,1,0.971109253494345
2023-02-18,Yaourt,58,2.2623356324316024,0,1.1825662790237699
2023-02-18,Fromage,46,4.038552564869985,0,0.9670323103139713
2023-02-18,Fruits,65,4.478895401591763,0,1.161489586870108
2023-02-18,Légumes,34,3.8450877030213086,0,0.9606320945701949
2023-02-19,Lait,72,1.5375613811225854,1,0.8481355048139985
2023-02-19,Pain,66,1.4921879408157892,0,1.1118337894267012
2023-02-19,Yaourt,15,4.103463592084438,0,0.8865296092146214
2023-02-19,Fromage,18,4.674885274378458,1,0.869558099687795
2023-02-19,Fruits,44,3.912073140668411,0,0.8615583625359421
2023-02-19,Légumes,41,2.5852133669702897,0,1.0991486416368914
2023-02-20,Lait,98,3.168229706787664,0,0.836594734959102
2023-02-20,Pain,65,1.6952001916491772,0,1.1554992319475907
2023-02-20,Yaourt,34,4.334870900061535,0,0.9316205461479484
2023-02-20,Fromage,34,2.978858167741127,0,0.9633812852282795
2023-02-20,Fruits,88,0.5228696291811168,0,0.8195134326692692
2023-02-20,Légumes,27,0.8647079715844157,0,1.0733035054638385
2023-02-21,Lait,78,4.961639008152717,0,1.1531625076549845
2023-02-21,Pain,71,3.165835030967829,1,0.9391236831608772
2023-02-21,Yaourt,49,3.04579383798106,0,1.1514519945420632
2023-02-21,Fromage,28,4.406723618231961,0,0.8629362638810104
2023-02-21,Fruits,57,3.6876333952176568,1,1.0789885846677134
2023-02-21,Légumes,51,0.976253422228628,0,0.8756886159140024
2023-02-22,Lait,14,4.4639184163951775,1,0.8116989132138237
2023-02-22,Pain,32,0.5231532683962165,1,0.8914500646099695
2023-02-22,Yaourt,48,1.2234195322173869,1,1.1328536711830968
2023-02-22,Fromage,21,0.5287364227257512,0,1.0467707673502968
2023-02-22,Fruits,26,1.0212973555111595,0,0.80362896186109
2023-02-22,Légumes,44,1.078019231419361,0,0.8073710874952871
2023-02-23,Lait,72,2.2646804515033847,0,1.1014795336202077
2023-02-23,Pain,31,4.71752819256403,0,0.8271348236420688
2023-02-23,Yaourt,73,3.686774398903767,0,1.0328681840705094
2023-02-23,Fromage,74,0.7606420725145924,0,1.140965863679459
2023-02-23,Fruits,23,4.880700361298286,1,1.0998607326971699
2023-02-23,Légumes,61,3.9121843816806017,0,0.8088494206115989
2023-02-24,Lait,15,2.1732508815742606,1,0.9010034998753529
2023-02-24,Pain,96,2.5065621786953676,0,1.1988498000630843
2023-02-24,Yaourt,90,0.9598712886217354,1,1.010809638484745
2023-02-24,Fromage,38,3.621570016016699,0,0.8329524182463371
2023-02-24,Fruits,87,1.5352415736414526,0,1.1472217290129172
2023-02-24,Légumes,65,2.4455066046917087,1,0.967890926770449
2023-02-25,Lait,68,4.840342125215939,1,0.9769195049523641
2023-02-25,Pain,10,1.9433423319715735,1,1.0983348048123858
2023-02-25,Yaourt,44,0.6401033729803012,0,0.9474105374895044
2023-02-25,Fromage,24,2.621896070461307,0,0.8636982953117058
2023-02-25,Fruits,98,4.4088042558002485,1,1.1083687378576208
2023-02-25,Légumes,55,2.8865947717771525,0,1.118719131145611
2023-02-26,Lait,53,0.6463678077106336,1,1.0466601258082953
2023-02-26,Pain,55,2.5794378084454728,0,1.0393309060489708
2023-02-26,Yaourt,93,2.436376527047582,0,0.9966378186965748
2023-02-26,Fromage,72,3.431837600610191,0,1.036105575554249
2023-02-26,Fruits,81,1.896628815156082,0,0.8046482159632403
2023-02-26,Légumes,27,3.5620548186169634,0,1.1898799407482759
2023-02-27,Lait,47,1.8124816041918645,0,1.1440489588756817
2023-02-27,Pain,50,0.6782847140676072,0,0.84197207136727
2023-02-27,Yaourt,26,0.9625658202169955,0,0.807347054776216
2023-02-27,Fromage,63,3.281700804431536,1,1.0238594733947657
2023-02-27,Fruits,41,4.735568769045739,0,1.013696882390578
2023-02-27,Légumes,86,0.8712884049818957,1,0.9431205403713085
2023-02-28,Lait,75,4.898598738416536,0,1.0772775763290723
2023-02-28,Pain,24,1.4006760991016454,0,0.8418271361337601
2023-02-28,Yaourt,84,1.0589898502762671,1,1.0379106549507744
2023-02-28,Fromage,82,0.7338707764316259,0,1.0836242077803666
2023-02-28,Fruits,17,4.763077081839675,0,1.1133690903766458
2023-02-28,Légumes,16,3.473690532346628,0,1.038990345052772
2023-03-01,Lait,31,2.535432280332351,0,1.0105610643744454
2023-03-01,Pain,23,0.8673349191376531,0,0.8988412936040586
2023-03-01,Yaourt,22,2.6567551785932926,0,0.9316069751258649
2023-03-01,Fromage,54,1.3195306205991468,1,1.0634831102003504
2023-03-01,Fruits,60,1.227526448660612,0,1.061305207694932
2023-03-01,Légumes,46,4.9835026222553385,1,1.0601302745387748
2023-03-02,Lait,83,2.314676125057243,0,0.9673599154670611
2023-03-02,Pain,88,1.6595729983004617,0,1.147309002163352
2023-03-02,Yaourt,40,2.3715831476612337,1,1.0515059272823781
2023-03-02,Fromage,29,2.77180196851858,0,1.00559834712349
2023-03-02,Fruits,45,0.6322750059042828,0,1.0424754854244687
2023-03-02,Légumes,88,4.553158388050663,0,0.9107311188940207
2023-03-03,Lait,67,4.605635055275109,0,1.0491866334253932
2023-03-03,Pain,49,4.261991287015443,0,1.1104000828141718
2023-03-03,Yaourt,96,3.3464323995183776,0,1.0050460820823222
2023-03-03,Fromage,46,4.344732920163106,0,0.8988924297612708
2023-03-03,Fruits,69,2.3225935958614468,0,1.0317659597374003
2023-03-03,Légumes,93,3.1682788314571733,0,0.9564326146607043
2023-03-04,Lait,37,1.6616004471550738,0,0.9300760256898779
2023-03-04,Pain,49,3.194212910450484,0,0.8948111428433345
2023-03-04,Yaourt,40,1.5622270850590878,0,0.8679031620350164
2023-03-04,Fromage,83,2.519499082241314,0,0.8583026272979007
2023-03-04,Fruits,14,1.6192142266443346,0,1.0827108867541784
2023-03-04,Légumes,73,2.116628365623105,0,1.042215263057953
2023-03-05,Lait,56,3.4871203742981227,0,1.1376681795876789
2023-03-05,Pain,53,2.508658909306635,1,1.023256099837545
2023-03-05,Yaourt,70,0.6538449467262117,1,0.8491883234118507
2023-03-05,Fromage,46,4.7147256153273265,0,0.8488439656040108
2023-03-05,Fruits,79,1.3100469686272558,0,0.8413235828496063
2023-03-05,Légumes,60,0.6870778657267644,0,1.1946520491835386
2023-03-06,Lait,97,3.5868548119234287,0,0.9292522628281115
2023-03-06,Pain,38,4.4056323253400995,0,1.0062384114317
2023-03-06,Yaourt,59,2.041940696544119,0,0.8502966047226596
2023-03-06,Fromage,54,1.1459406291772678,1,1.0931595673365366
2023-03-06,Fruits,17,4.864604207482717,0,1.0690408472900506
2023-03-06,Légumes,14,4.835060747691796,0,1.0646529401484588
2023-03-07,Lait,99,2.184335452129067,0,0.8976589161689498
2023-03-07,Pain,35,4.410072430154232,0,0.8121548238787348
2023-03-07,Yaourt,81,4.079796672633814,1,1.0402438170184944
2023-03-07,Fromage,40,3.4649846160469573,0,1.0604931908165969
2023-03-07,Fruits,99,2.0685815025888674,0,1.0419815690762162
2023-03-07,Légumes,72,4.897283828995928,0,1.1483013801349036
2023-03-08,Lait,82,0.9071676287917283,0,0.8436438527062999
2023-03-08,Pain,13,3.5041702350361312,1,1.1049140539106463
2023-03-08,Yaourt,32,2.4601249166581987,1,0.8480836221482434
2023-03-08,Fromage,63,3.420835964574769,0,1.0520834993316577
2023-03-08,Fruits,80,3.0354751730680647,0,1.0193998886605906
2023-03-08,Légumes,42,1.5689485889344736,0,0.8909078509052606
2023-03-09,Lait,99,3.1417776846551795,0,1.0570303875788758
2023-03-09,Pain,75,2.585723197102576,0,1.1453334598287301
2023-03-09,Yaourt,57,4.312253126176584,1,1.1255065153278345
2023-03-09,Fromage,34,2.2108802845363567,0,1.0320689476909328
2023-03-09,Fruits,53,2.6451296376852165,0,1.0197656953721814
2023-03-09,Légumes,55,3.731553843019225,1,0.8072930330705447
2023-03-10,Lait,32,2.43887941192115,1,0.8285121080220657
2023-03-10,Pain,24,1.5956703345933467,1,0.8241069561158244
2023-03-10,Yaourt,30,2.6563245324961997,0,0.8665326430972569
2023-03-10,Fromage,77,1.6554945547422857,0,0.9229159859705146
2023-03-10,Fruits,37,2.926225745038645,0,1.0441335133243674
2023-03-10,Légumes,27,2.299573430618703,1,1.1292696062382641
2023-03-11,Lait,84,1.0545019437747472,1,1.1199124381696086
2023-03-11,Pain,40,3.690708177750947,0,1.0269248878515613
2023-03-11,Yaourt,51,4.629886201271198,0,0.8348155850350635
2023-03-11,Fromage,63,2.976019439703178,0,1.053260550237609
2023-03-11,Fruits,22,3.2072531906584905,1,1.153682585339363
2023-03-11,Légumes,18,4.071847326712323,0,0.869909377130951
2023-03-12,Lait,51,4.55010405529105,0,0.8947482235897929
2023-03-12,Pain,46,1.8592722582565777,1,1.1404697043411083
2023-03-12,Yaourt,48,3.5039745468116172,0,1.0495437298706292
2023-03-12,Fromage,64,3.1397380842896334,0,1.0947494979776728
2023-03-12,Fruits,42,1.4753291004084903,0,0.8094554344185346
2023-03-12,Légumes,24,1.5361077579254148,0,1.055184317326388
2023-03-13,Lait,82,2.259076981574816,0,0.9987067435436677
2023-03-13,Pain,11,1.7354311430005642,0,1.0703364980349503
2023-03-13,Yaourt,51,2.4268982671652664,1,1.0769744605297478
2023-03-13,Fromage,33,1.0777743025435635,0,1.0897355268514963
2023-03-13,Fruits,51,4.574861565483532,1,0.9059581788946934
2023-03-13,Légumes,45,1.363402961234343,0,0.8906625608907952
2023-03-14,Lait,50,3.2772010252804105,0,1.1327452453005689
2023-03-14,Pain,69,4.101604285200628,0,1.0160047658418043
2023-03-14,Yaourt,81,3.4289481607123737,0,0.9297335012461503
2023-03-14,Fromage,12,1.356461882685805,0,0.9513905693943476
2023-03-14,Fruits,90,4.979662208169157,0,0.9334278197888801
2023-03-14,Légumes,31,3.0303356714505942,1,0.8701211769430639
2023-03-15,Lait,40,3.896770189733815,0,0.9637911412020815
2023-03-15,Pain,39,2.526669213161833,1,0.9390286096955929
2023-03-15,Yaourt,21,4.915563684549367,0,0.9530105120976033
2023-03-15,Fromage,32,2.2969216211418866,0,1.19699340086335
2023-03-15,Fruits,74,4.2891498246938955,0,1.0494342752011039
2023-03-15,Légumes,91,4.045558947315192,1,1.0433945650639165
2023-03-16,Lait,85,4.019126394516737,1,0.8144641522099049
2023-03-16,Pain,32,1.684006564598793,0,0.8350570987055355
2023-03-16,Yaourt,82,2.793759110382642,1,0.9118814153885917
2023-03-16,Fromage,35,3.202674500122778,0,1.167756789285767
2023-03-16,Fruits,52,3.08564322042995,0,0.9564171052232697
2023-03-16,Légumes,21,4.687678465897623,0,1.1269798833964766
2023-03-17,Lait,44,3.5343671288407177,0,1.0885688269314926
2023-03-17,Pain,76,4.055136963381776,0,0.832367713220501
2023-03-17,Yaourt,30,0.6030222123925411,0,0.8894457737985245
2023-03-17,Fromage,87,4.890245903869617,0,1.1289922254537443
2023-03-17,Fruits,34,2.6570949806203332,0,1.0425483777733502
2023-03-17,Légumes,74,3.2281382198793986,1,0.869935450904165
2023-03-18,Lait,12,4.787588874205825,1,1.0665227543340159
2023-03-18,Pain,17,2.6520531037163253,0,0.8930205433461521
2023-03-18,Yaourt,54,2.9728829115275763,1,0.9729991513320528
2023-03-18,Fromage,22,4.714021282476472,1,0.9111010494997045
2023-03-18,Fruits,72,3.383718416105928,0,1.0478351819591318
2023-03-18,Légumes,69,2.1415919861503827,0,1.025776436271553
2023-03-19,Lait,43,2.569101906961941,0,1.1979465268679068
2023-03-19,Pain,40,3.6276585298634894,1,0.8956720416863703
2023-03-19,Yaourt,30,1.04623222740093,0,0.8404183244042587
2023-03-19,Fromage,89,3.612281250061937,0,1.0532758504053856
2023-03-19,Fruits,49,4.162866212777084,0,0.9225014483146446
2023-03-19,Légumes,61,3.4507565265274533,1,1.0897269878706646
2023-03-20,Lait,72,2.524030919695951,0,0.9471037403509158
2023-03-20,Pain,95,4.223920530050934,1,1.107721957456536
2023-03-20,Yaourt,64,2.372692991808927,0,0.8076769107292228
2023-03-20,Fromage,88,3.119667034009875,0,0.8758779392698709
2023-03-20,Fruits,14,1.4684084240775688,0,0.8964805830398166
2023-03-20,Légumes,94,1.3948532499888315,0,0.8170532837148131
2023-03-21,Lait,90,0.9938128940487658,0,0.9817509338239844
2023-03-21,Pain,61,1.6970867510242131,0,0.8508799050749799
2023-03-21,Yaourt,43,1.9610416710052698,1,0.9904072517475067
2023-03-21,Fromage,61,4.368043542411256,0,1.1824888762595793
2023-03-21,Fruits,73,4.041065238148828,0,1.075253882434617
2023-03-21,Légumes,69,0.8438758674712314,0,1.1721275539351295
2023-03-22,Lait,69,4.015266907041137,1,0.9981808413843927
2023-03-22,Pain,17,4.5280298331794135,0,1.0455734339040248
2023-03-22,Yaourt,69,2.5277884552839107,1,0.8422773919625097
2023-03-22,Fromage,53,2.804998643657035,0,0.8166691602409537
2023-03-22,Fruits,96,3.7234552462820703,0,0.8285026911061035
2023-03-22,Légumes,33,0.6600689016599676,0,0.9550380925931078
2023-03-23,Lait,40,1.8344101157944486,0,1.1098614124724726
2023-03-23,Pain,16,4.027292045454532,0,0.9648523721051087
2023-03-23,Yaourt,14,3.4713622386560217,1,0.9060185713300016
2023-03-23,Fromage,47,0.8717794855667091,0,1.159560329602494
2023-03-23,Fruits,17,3.9615041652716014,0,0.9527758558611583
2023-03-23,Légumes,59,0.5469246472883138,0,0.9042853199679667
2023-03-24,Lait,50,4.819219331341681,0,1.1583258389487527
2023-03-24,Pain,19,4.094213862445585,0,1.1919881317435403
2023-03-24,Yaourt,22,3.120901961932609,1,1.124707915236055
2023-03-24,Fromage,20,0.6968103164598627,0,1.0394126302737463
2023-03-24,Fruits,82,2.17475160726881,0,0.9757619958777809
2023-03-24,Légumes,98,1.2365771065938567,0,1.1713270131394307
2023-03-25,Lait,53,1.388617204369718,1,1.0583243250620824
2023-03-25,Pain,41,1.9261511480522522,1,0.9033726481167272
2023-03-25,Yaourt,56,1.635084590780127,1,0.984215798909656
2023-03-25,Fromage,17,3.866863576905489,0,0.8722378392701204
2023-03-25,Fruits,84,1.9402692463444255,1,0.90773251932081
2023-03-25,Légumes,38,3.7757622952883443,0,1.0741192064463494
2023-03-26,Lait,61,4.180033984356253,0,1.0023410771807315
2023-03-26,Pain,97,2.0407263621509593,0,1.1032740044306149
2023-03-26,Yaourt,65,3.2537322740179895,0,0.8606277486350695
2023-03-26,Fromage,39,4.429953121373634,0,1.1044486148172632
2023-03-26,Fruits,17,2.5770086348890544,0,0.8986715458086493
2023-03-26,Légumes,14,4.466528508537596,0,0.87758154690711
2023-03-27,Lait,73,4.1003193591462175,0,1.0220339797209146
2023-03-27,Pain,55,3.2719345261708055,0,0.9421538274742958
2023-03-27,Yaourt,22,2.924130503043676,0,1.1392191164523087
2023-03-27,Fromage,67,0.6589010972310758,1,0.880992224066095
2023-03-27,Fruits,43,3.914043755499522,0,1.102505863156581
2023-03-27,Légumes,79,4.444928428226902,1,0.9473238122027393
2023-03-28,Lait,13,3.749319221912317,1,1.0372177336747137
2023-03-28,Pain,46,3.483689020252215,0,0.8713490337229319
2023-03-28,Yaourt,83,3.288152018569283,0,1.1176789325108336
2023-03-28,Fromage,29,2.3104720610895018,1,1.0040438849995301
2023-03-28,Fruits,12,0.7918411751733576,0,1.0245938351838095
2023-03-28,Légumes,13,0.7376178221083765,0,1.0397475862651735
2023-03-29,Lait,28,1.7141932405769644,1,0.9993022729053814
2023-03-29,Pain,92,0.7634791815979064,0,1.113958790844587
2023-03-29,Yaourt,40,4.213088004497518,0,0.9493850384576694
2023-03-29,Fromage,64,3.809775229193919,0,0.9485688007492183
2023-03-29,Fruits,56,4.992563801268274,1,1.0570260798140767
2023-03-29,Légumes,26,3.3689896901160337,0,0.8713009867618566
2023-03-30,Lait,24,2.344572003633297,1,0.9535331807732176
2023-03-30,Pain,18,4.776407388187662,0,1.026219985968576
2023-03-30,Yaourt,19,2.005300799338695,0,0.8096767055565421
2023-03-30,Fromage,79,2.8313544480746695,0,1.1762716980461363
2023-03-30,Fruits,51,4.3372760894407,0,0.9507656658945488
2023-03-30,Légumes,73,1.337456380308248,1,0.983274754695157
2023-03-31,Lait,14,3.6770855344881106,0,0.8199368111131766
2023-03-31,Pain,48,2.734075185598849,0,1.0918032914609586
2023-03-31,Yaourt,79,0.7577611298493051,0,0.8525397632579628
2023-03-31,Fromage,66,3.8811878871307055,0,1.182645848433383
2023-03-31,Fruits,39,1.772355603104429,0,0.814515049045401
2023-03-31,Légumes,16,1.6114045958239993,1,0.8998184799398025
2023-04-01,Lait,89,2.170431922504992,0,1.1379157745144086
2023-04-01,Pain,79,0.7941477090397335,0,0.8134454400733131
2023-04-01,Yaourt,93,3.2886474808973705,0,0.9383681790006777
2023-04-01,Fromage,59,2.3499302117031795,0,1.159933338274909
2023-04-01,Fruits,91,3.796019293271404,0,0.8511952834134346
2023-04-01,Légumes,57,4.715701079148913,0,0.9675173276296646
2023-04-02,Lait,23,3.788694342413284,1,0.9026120249776991
2023-04-02,Pain,12,3.7632007739800164,0,0.9353052421329393
2023-04-02,Yaourt,98,4.761661944824254,1,0.8732061776938909
2023-04-02,Fromage,42,1.1806107293072055,0,0.9003866645361193
2023-04-02,Fruits,80,3.5768934750966914,0,1.1922067288004423
2023-04-02,Légumes,70,4.370628620072457,1,0.8270673447600007
2023-04-03,Lait,95,2.969773955240264,0,0.8904588206359764
2023-04-03,Pain,74,2.4288374613671406,0,1.0656751658021668
2023-04-03,Yaourt,66,3.5106005179809876,0,0.9647062166338034
2023-04-03,Fromage,48,2.9544434123310745,0,1.0050010595081327
2023-04-03,Fruits,69,2.101880182076837,1,1.1175958865472024
2023-04-03,Légumes,58,1.4061370196118848,0,0.8658825413729184
2023-04-04,Lait,77,3.905381775598858,0,0.881952509660285
2023-04-04,Pain,94,3.46833214877634,0,0.9021973378622419
2023-04-04,Yaourt,49,4.932453452633938,1,0.810866968490224
2023-04-04,Fromage,34,0.9236835955656406,0,0.9129723594746048
2023-04-04,Fruits,51,2.740156286154306,0,1.0627120418897176
2023-04-04,Légumes,98,2.288216257183924,0,0.9764288633003135
2023-04-05,Lait,20,1.416949066074601,0,0.9148551832338302
2023-04-05,Pain,50,3.099170146465209,0,1.1191656638463576
2023-04-05,Yaourt,56,1.381283656641135,1,1.0080762093006217
2023-04-05,Fromage,69,3.631546031759611,1,0.9267046708270107
2023-04-05,Fruits,12,2.1339533148530467,1,0.8675416826710745
2023-04-05,Légumes,42,3.191506832160581,0,0.9454772499024561
2023-04-06,Lait,41,3.4443164854623283,0,0.9761293673473396
2023-04-06,Pain,79,4.85490144696525,1,0.8470575952637301
2023-04-06,Yaourt,20,2.7734304810948722,1,0.9671043917100399
2023-04-06,Fromage,30,3.7633349661232582,0,1.1988312628326647
2023-04-06,Fruits,68,1.230050326021157,0,1.0239022734553531
2023-04-06,Légumes,77,3.7370913006612136,1,0.8317626338572118
2023-04-07,Lait,14,4.8805582548927795,0,0.9185959125133262
2023-04-07,Pain,59,0.9983680039353116,1,1.1952262266611096
2023-04-07,Yaourt,75,4.197366039697123,0,0.9431193061301767
2023-04-07,Fromage,95,4.227121635967483,0,0.8695046372542976
2023-04-07,Fruits,30,1.008244437850281,0,1.0876309789415421
2023-04-07,Légumes,44,1.1388739539244725,0,0.980140391562165
2023-04-08,Lait,67,3.2619983846706457,0,1.0308998923074453
2023-04-08,Pain,26,4.28651398888142,0,1.1916419752060619
2023-04-08,Yaourt,44,0.6400201996281096,1,0.8425374905023099
2023-04-08,Fromage,49,0.5171771035595621,0,0.8668528045884886
2023-04-08,Fruits,29,1.522308006605817,1,0.9117104353817642
2023-04-08,Légumes,72,2.031710417000037,1,0.8862119475165328
2023-04-09,Lait,24,1.4568996936699325,0,0.9215785604962895
2023-04-09,Pain,55,3.9166192987737927,1,0.8931052588405155
2023-04-09,Yaourt,18,4.048013044639844,0,0.9041147430264013
2023-04-09,Fromage,15,3.518295403576253,0,0.8443957876853925
2023-04-09,Fruits,55,2.571612220408668,1,1.0186592880751153
2023-04-09,Légumes,44,2.357425081697117,1,0.9916280252413405
2023-04-10,Lait,34,2.396498187106613,0,1.1864973642827192
2023-04-10,Pain,31,4.3625375455960445,0,1.164308064657566
2023-04-10,Yaourt,51,3.6469191880679164,1,1.192719477304251
2023-04-10,Fromage,87,3.7700194643164546,0,1.1317578659435388
2023-04-10,Fruits,28,4.427392278047575,0,1.0814743909843183
2023-04-10,Légumes,70,0.8075342098951718,0,0.8184494257342936
